sitc4,early_rca_mean,late_rca_mean,rca_change,early_manufacturing_export_share_mean_pct,late_manufacturing_export_share_mean_pct,manufacturing_export_share_change_pp,rca_transition_category,late_material_rca_flag,late_material_rca_1pct_flag
5111,0.004014699595848179,0.028381914970527642,0.024367215374679462,0.0004913366938164872,0.0048947892071428455,0.004403452513326358,NO_RCA,0,0
5112,0.0014807428290361387,0.0019649212393563664,0.0004841784103202277,0.0003421828707424821,0.0005184216422256566,0.0001762387714831745,NO_RCA,0,0
5113,0.008667048271297212,0.0011577253224074912,-0.007509322948889721,0.0007548145165561229,9.253854275943237e-05,-0.0006622759737966906,NO_RCA,0,0
5114,0.002161505662025038,1.161411619441789,1.159250113779764,2.5305493060918983e-05,0.01629466559337746,0.016269360100316543,GAINED_RCA,0,0
5121,0.5687041259676612,5.745434903273117,5.176730777305456,0.08957839641515676,1.314660782363415,1.2250823859482582,GAINED_RCA,1,1
5122,0.017734880663204857,0.003867373350837125,-0.013867507312367732,0.00020032268469791063,6.210039239929153e-05,-0.00013822229229861908,NO_RCA,0,0
5123,0.0012593823375264162,0.0001556737058587924,-0.0011037086316676237,6.703645396917346e-05,5.0834659301568895e-06,-6.195298803901658e-05,NO_RCA,0,0
5137,0.0794298910121604,0.026775527482748297,-0.05265436352941211,0.011610118779750484,0.004406287763684958,-0.007203831016065526,NO_RCA,0,0
5138,5.291009138867348,0.17063408978234126,-5.120375049085006,0.5587252538941593,0.01822141740761141,-0.5405038364865479,LOST_RCA,0,0
5139,0.01167719119772107,0.010858178519477422,-0.0008190126782436479,0.002269036980361049,0.0034769626308621304,0.0012079256505010813,NO_RCA,0,0
5145,0.0047351464146757425,0.0010006283911865221,-0.00373451802348922,0.00037816656792190453,6.988179601372723e-05,-0.0003082847719081773,NO_RCA,0,0
5146,0.0030159975003053144,0.007892633953761552,0.004876636453456238,0.00036915066785787664,0.000800846823299662,0.00043169615544178533,NO_RCA,0,0
5147,0.008413649701714028,0.01135203965508979,0.0029383899533757616,0.0005487767130524405,0.0006319124504276953,8.313573737525485e-05,NO_RCA,0,0
5148,0.0038031927683199397,0.004177135633543705,0.00037394286522376497,0.0005015728449381346,0.0004532732402590003,-4.829960467913426e-05,NO_RCA,0,0
5154,0.009406129120302122,0.004858358505894239,-0.004547770614407883,0.0006998281277017151,0.00030792720044548085,-0.00039190092725623424,NO_RCA,0,0
5155,0.013229022771470611,0.07426627758065632,0.06103725480918571,0.002790155873108352,0.026196006133284582,0.02340585026017623,NO_RCA,0,0
5156,0.002692791176842437,0.01727152128834519,0.014578730111502753,0.0013275931592273158,0.009161599392598615,0.007834006233371299,NO_RCA,0,0
5157,0.00042194573066021344,0.0035040194847732148,0.0030820737541130015,1.808139746962407e-05,0.00020154843354153448,0.00018346703607191042,NO_RCA,0,0
5161,0.00842060960241727,0.0005113196370799117,-0.007909289965337359,0.000987078241096087,7.324396753304598e-05,-0.0009138342735630411,NO_RCA,0,0
5162,0.0010777444234072646,7.544153185755897e-05,-0.0010023028915497056,7.148674890327806e-05,4.013941180652623e-06,-6.747280772262543e-05,NO_RCA,0,0
5163,0.0012121199705399613,0.0006526346797673057,-0.0005594852907726556,2.5151162809177903e-05,1.3324802025607221e-05,-1.1826360783570682e-05,NO_RCA,0,0
5169,0.22744913094425653,2.44990907718986,2.222459946245604,0.01831485362344708,0.2307549715302145,0.2124401179067674,GAINED_RCA,0,0
5221,0.017095665094306576,0.004367466370133806,-0.01272819872417277,0.0015414975230954298,0.0006737136371938661,-0.0008677838859015637,NO_RCA,0,0
5222,0.18784808703412573,0.12456979369274741,-0.06327829334137831,0.013173236962673383,0.012455739340765,-0.0007174976219083834,NO_RCA,0,0
5223,0.017458229122721488,0.007441228225099347,-0.010017000897622141,0.00011686624906076275,5.314246435236531e-05,-6.372378470839745e-05,NO_RCA,0,0
5224,0.012695849786695279,0.28204412763277026,0.26934827784607496,0.0005337041742907165,0.012663781738511187,0.01213007756422047,NO_RCA,0,0
5225,0.025825368418225875,0.2541411091829316,0.2283157407647057,0.002715052734556854,0.05026799184936284,0.04755293911480599,NO_RCA,0,0
5231,0.01839962787080365,0.26996967328488214,0.2515700454140785,0.0018259001189328222,0.04219235712302077,0.04036645700408795,NO_RCA,0,0
5232,0.012341664738926651,0.9799635040308557,0.9676218392919291,0.0015306144870595622,0.2322415018661169,0.23071088737905732,NO_RCA,0,0
5233,0.0009118194808927243,0.0010857113807063244,0.00017389189981360006,2.2164919926302367e-05,0.00012536280287791209,0.00010319788295160972,NO_RCA,0,0
5239,0.011121989938200717,0.12116789687280005,0.11004590693459934,0.0007985876067808846,0.012112159286032632,0.011313571679251748,NO_RCA,0,0
5241,0.001352625522421786,0.00023435796235845628,-0.0011182675600633297,0.00011629977875547184,2.4917723819531874e-05,-9.138205493593997e-05,NO_RCA,0,0
5249,0.08933363557629632,0.18811435338155366,0.09878071780525734,0.009790376339359438,0.030687304245706527,0.02089692790634709,NO_RCA,0,0
5311,0.06064543445284088,1.8137916644823042,1.7531462300294633,0.009083796448317987,0.12712816028986565,0.11804436384154766,GAINED_RCA,0,0
5312,0.10321075186291795,0.11293700311089067,0.009726251247972717,0.0016770339873573446,0.0012300455640151576,-0.000446988423342187,NO_RCA,0,0
5322,0.14555514699758407,0.06438539339573655,-0.08116975360184751,0.003241736749563604,0.0024894477202552206,-0.0007522890293083836,NO_RCA,0,0
5323,0.06184131248446897,0.10422123906095691,0.042379926576487946,0.0005513320734951884,0.0003930545366522236,-0.00015827753684296485,NO_RCA,0,0
5331,0.026626726422256452,0.025965435116143215,-0.0006612913061132368,0.004167313251785788,0.004102372237527032,-6.494101425875629e-05,NO_RCA,0,0
5332,0.002717820831611846,0.06724088132088751,0.06452306048927567,0.00018602393591673474,0.0026888507146679286,0.002502826778751194,NO_RCA,0,0
5334,0.0435967693031749,0.2583736833219176,0.21477691401874272,0.008792076425198267,0.04508986141408994,0.03629778498889167,NO_RCA,0,0
5335,0.021427345730616266,0.1638749095420382,0.14244756381142193,0.002200765652807309,0.019783803338137108,0.0175830376853298,NO_RCA,0,0
5411,0.014136995193257512,0.05316608431693235,0.03902908912367484,0.0008984459445242884,0.0027489422313637085,0.00185049628683942,NO_RCA,0,0
5413,0.01827470553042437,0.0397054541553408,0.021430748624916427,0.002787969573251073,0.0025241193794198202,-0.00026385019383125263,NO_RCA,0,0
5414,0.22016304950013554,0.000864565294583992,-0.21929848420555156,0.004195198912468172,1.0755154486686057e-05,-0.004184443757981486,NO_RCA,0,0
5415,0.006944150393418769,0.0008559553389772292,-0.00608819505444154,0.0006770743822166557,8.309196185370055e-05,-0.0005939824203629552,NO_RCA,0,0
5416,0.039084680335512094,0.031179414100068813,-0.00790526623544328,0.004363626225857474,0.018796441628890426,0.014432815403032952,NO_RCA,0,0
5417,0.2607032096117896,0.40800241823940603,0.14729920862761642,0.38974388593759696,1.2809254814453768,0.8911815955077798,NO_RCA,0,0
5419,0.70814457483315,0.16896375436116132,-0.5391808204719887,0.07531198788337895,0.07298521315285285,-0.0023267747305261016,NO_RCA,0,0
5513,0.15480326955457663,0.31741487858015277,0.16261160902557614,0.00587217113995729,0.01841155799611572,0.012539386856158428,NO_RCA,0,0
5514,0.025564918729062705,0.14026034552665995,0.11469542679759724,0.003567433666260304,0.026462419377375184,0.022894985711114882,NO_RCA,0,0
5530,0.12226390182728647,0.20805664483825836,0.0857927430109719,0.051008306777715194,0.15720011844483184,0.10619181166711664,NO_RCA,0,0
5541,0.9117371734667693,2.8567696304517067,1.9450324569849373,0.043356135833181826,0.1342043918738934,0.09084825604071159,GAINED_RCA,0,0
5542,0.031792240979824166,0.38088649051875495,0.34909424953893076,0.009030245524238171,0.14013330846097674,0.13110306293673857,NO_RCA,0,0
5543,0.03736318523119346,0.18955604937721815,0.15219286414602468,0.0006400582893040908,0.003351126919464105,0.002711068630160014,NO_RCA,0,0
5621,0.8024790613463061,0.023620450975760363,-0.7788586103705457,0.09694783958579582,0.007190696307332198,-0.08975714327846362,NO_RCA,0,0
5622,0.0006875929677610247,0.39208129876666137,0.39139370579890037,8.758895553725546e-06,0.01010606211255148,0.010097303216997753,NO_RCA,0,0
5623,0.10955583577904739,0.005567725220543448,-0.10398811055850393,0.007207694885730826,0.0008876846959624025,-0.006320010189768423,NO_RCA,0,0
5629,0.45868204412323493,0.026754176416630093,-0.43192786770660485,0.03484467040376749,0.005829520513580642,-0.029015149890186852,NO_RCA,0,0
5721,0.056237504743871375,1.1979253838788864,1.141687879135015,0.0005362138814530413,0.020546260973818203,0.020010047092365164,GAINED_RCA,0,0
5722,0.7111172138828517,0.13683748066544812,-0.5742797332174036,0.006330415393861335,0.0020490524565754164,-0.0042813629372859185,NO_RCA,0,0
5723,0.026503326730307673,0.8272773022716587,0.8007739755413511,0.0002347643381011859,0.008151372324717321,0.007916607986616135,NO_RCA,0,0
5821,0.02741312618750351,0.08748150769075946,0.060068381503255955,0.0010102468108755744,0.004964757563557525,0.00395451075268195,NO_RCA,0,0
5822,0.048927835555924004,0.2594163805097834,0.21048854495385938,0.004299021144958826,0.029387922819174295,0.02508890167421547,NO_RCA,0,0
5823,0.91121396768419,2.1160712658635634,1.2048572981793733,0.33756170070262365,0.9264329401867695,0.5888712394841458,GAINED_RCA,1,0
5824,0.013103955660251543,0.10508783094610273,0.09198387528585118,0.0009500252917970248,0.013031803951429062,0.012081778659632038,NO_RCA,0,0
5825,0.12479491263788219,0.24869550828937828,0.1239005956514961,0.02205362929523735,0.06959628917977735,0.04754265988454,NO_RCA,0,0
5826,0.036667323588201475,0.1633817641693568,0.12671444058115533,0.0033270608794272395,0.014304707962074713,0.010977647082647474,NO_RCA,0,0
5827,0.01068431771424115,0.03675308333375294,0.02606876561951179,0.0009064297169103034,0.003212511834975174,0.0023060821180648705,NO_RCA,0,0
5828,0.0028796289046446925,0.06886638653464584,0.06598675763000116,9.142009324629095e-06,0.00020031050939260434,0.00019116850006797525,NO_RCA,0,0
5829,0.029401066755165985,0.09031423626946278,0.06091316951429679,0.003785176224681306,0.01701278473214225,0.013227608507460943,NO_RCA,0,0
5831,0.006195276363042475,0.04476619563651035,0.038570919273467875,0.001931827132480416,0.017438264384197585,0.01550643725171717,NO_RCA,0,0
5832,0.007303176380206285,0.03693235067941438,0.029629174299208097,0.0014919900704726899,0.010719731771016682,0.009227741700543992,NO_RCA,0,0
5833,0.02884641657816484,3.560311971059915,3.53146555448175,0.0056637830187335975,0.4235350447219128,0.4178712617031792,GAINED_RCA,0,0
5834,0.47971513649611225,0.3574788941578226,-0.12223624233828967,0.13559941149355606,0.10692853125298651,-0.028670880240569546,NO_RCA,0,0
5835,0.023810901278240437,0.08753733480853497,0.06372643353029453,0.00025213201908559396,0.0010263774415750788,0.0007742454224894848,NO_RCA,0,0
5836,0.02068053697610813,0.14479507989211957,0.12411454291601143,0.0028298817286903726,0.023903512088160894,0.021073630359470522,NO_RCA,0,0
5837,0.21868716096979182,0.32155009153710923,0.1028629305673174,0.009933954753950666,0.02134670004907104,0.011412745295120373,NO_RCA,0,0
5838,0.007771809548653947,0.07810107219955138,0.07032926265089744,0.0001211815763487492,0.0011152144229265566,0.0009940328465778074,NO_RCA,0,0
5839,0.016700520482294222,0.1156231005528769,0.09892258007058269,0.004914259831134069,0.05285162518572908,0.04793736535459501,NO_RCA,0,0
5841,0.06409054257445689,0.2965485756039305,0.2324580330294736,0.0032248362889999885,0.01836433830840226,0.01513950201940227,NO_RCA,0,0
5842,0.041392429029551446,0.12276660899436849,0.08137417996481705,0.0004508553954522738,0.0020319675091677947,0.001581112113715521,NO_RCA,0,0
5843,0.02742811339362672,0.07035561023556602,0.042927496841939305,0.0012943598580466558,0.004081179265353545,0.002786819407306889,NO_RCA,0,0
5849,0.03962369308983984,0.21425720015648378,0.17463350706664393,0.0019055926935282583,0.012830878950386737,0.010925286256858478,NO_RCA,0,0
5851,0.04037528479263596,0.028726411429988646,-0.011648873362647316,0.0005274209654015975,0.0003377234100990843,-0.00018969755530251324,NO_RCA,0,0
5852,0.2522104909255576,0.860453373377811,0.6082428824522534,0.01926774379709599,0.10120925024905784,0.08194150645196185,NO_RCA,0,0
5911,0.49523450233113003,0.175050999591054,-0.320183502740076,0.019436788895741488,0.01000172611019025,-0.009435062785551238,NO_RCA,0,0
5912,0.048058581046821314,0.06263446932942374,0.014575888282602423,0.0032880082485556863,0.005199406651068946,0.00191139840251326,NO_RCA,0,0
5913,0.03276320173451994,0.03342618632729979,0.0006629845927798514,0.0026963378771774397,0.0036239187586289095,0.0009275808814514699,NO_RCA,0,0
5914,0.04375243879091421,0.013681818521630959,-0.030070620269283248,0.0009409272923747138,0.0003831115575227814,-0.0005578157348519324,NO_RCA,0,0
5921,1.547123877767404,2.6104909618026224,1.0633670840352185,0.030847242657057534,0.13969873655078854,0.10885149389373101,PERSISTENT_RCA,0,0
5922,0.2586457862713502,0.5275084034376721,0.2688626171663219,0.03141119648667788,0.1046181310316699,0.07320693454499203,NO_RCA,0,0
5981,0.079408578574175,0.1853510501592596,0.10594247158508459,0.002954265200971851,0.008593799167474292,0.005639533966502441,NO_RCA,0,0
5982,0.05384197872715569,0.008195347304991982,-0.04564663142216371,0.004107773379217636,0.0006906014862993483,-0.0034171718929182876,NO_RCA,0,0
5983,0.7527509607598427,6.376404880541208,5.623653919781365,0.032654062644648575,0.4600084116292628,0.4273543489846142,GAINED_RCA,0,0
5989,0.07335925810458344,0.12016389018693291,0.04680463208234947,0.03571211790604873,0.08974003085020575,0.05402791294415702,NO_RCA,0,0
6112,2.0034689442556006,1.7536594443569038,-0.24980949989869683,0.007788672558235089,0.0022431833747773677,-0.005545489183457722,PERSISTENT_RCA,0,0
6113,14.630382817846439,6.949796038706945,-7.680586779139493,0.6121284846593739,0.09186551968265927,-0.5202629649767145,PERSISTENT_RCA,0,0
6114,4.988741704105436,6.089791475508747,1.1010497714033107,0.8102192488460297,0.24748858423638168,-0.562730664609648,PERSISTENT_RCA,0,0
6115,6.373305505537602,19.9790745066888,13.605769001151199,0.18207354282782093,0.09280616791117606,-0.08926737491664487,PERSISTENT_RCA,0,0
6116,51.69908059644525,42.68625856685705,-9.0128220295882,1.2187056484198306,0.2385536351224232,-0.9801520132974074,PERSISTENT_RCA,0,0
6118,1.519754799973896,1.9847207284939972,0.4649659285201011,0.017601021774426157,0.00529494694170855,-0.012306074832717607,PERSISTENT_RCA,0,0
6121,1.76263318010397,0.39508765848620203,-1.367545521617768,0.015174724223970001,0.0023173959055543957,-0.012857328318415606,LOST_RCA,0,0
6122,3.234441557996716,2.711977821257435,-0.5224637367392808,0.029263418140364192,0.044943125799517404,0.015679707659153212,PERSISTENT_RCA,0,0
6123,0.2639899104893829,0.1492168981353433,-0.11477301235403961,0.025713848104738538,0.009088370061227972,-0.016625478043510566,NO_RCA,0,0
6129,18.440280930474135,0.20489592373755294,-18.235385006736582,0.34873165196406436,0.002224793381623721,-0.3465068585824406,LOST_RCA,0,0
6130,0.12027376761554213,0.07214707504468325,-0.04812669257085889,0.0024714387903174546,0.0004465136998386419,-0.0020249250904788127,NO_RCA,0,0
6210,0.010268717286701604,0.2862517607489523,0.2759830434622507,0.0010648144678208906,0.03329855882110254,0.03223374435328165,NO_RCA,0,0
6251,0.017359417255631043,0.023331431702388387,0.005972014446757344,0.004123344709213768,0.007100404381580899,0.0029770596723671314,NO_RCA,0,0
6252,0.015030752075814781,0.752726823074381,0.7376960709985662,0.0023853811360753084,0.14898408933037835,0.14659870819430304,NO_RCA,0,0
6253,0.12369644886575727,0.9547550852704602,0.8310586364047029,0.0004814664616828028,0.005341689159085149,0.004860222697402346,NO_RCA,0,0
6254,0.1048397457628788,4.745241219756445,4.640401473993566,0.0017064110104448294,0.10094208985237607,0.09923567884193124,GAINED_RCA,0,0
6259,0.1390910371330072,0.8702008240259831,0.7311097868929759,0.011138176970773253,0.09772563720041981,0.08658746022964656,NO_RCA,0,0
6281,0.09228036243315851,0.029613576466527264,-0.06266678596663125,0.0012270658335942818,0.00025661294983017705,-0.0009704528837641048,NO_RCA,0,0
6282,0.03039142321248191,0.01292801951409133,-0.017463403698390584,0.0012985160359110226,0.0005370493511468564,-0.0007614666847641662,NO_RCA,0,0
6289,0.06207026561528162,0.036688534520754844,-0.025381731094526773,0.006119197393612392,0.006335121004023807,0.00021592361041141567,NO_RCA,0,0
6330,0.009628961489215186,0.03266843175731404,0.023039470268098855,0.00027396623738430676,0.0005331551819718042,0.0002591889445874974,NO_RCA,0,0
6341,,0.0,,,0.0,,INSUFFICIENT_RCA_DATA,0,0
6342,0.011158343873917231,0.10528572582335817,0.09412738194944094,0.0011257752569209236,0.009945189870093449,0.008819414613172524,NO_RCA,0,0
6343,0.024943510139366642,0.20444713515344426,0.17950362501407763,0.0021982107292346227,0.015153410001985597,0.012955199272750973,NO_RCA,0,0
6344,0.27540527736952597,0.17951399465990334,-0.09589128270962263,0.010586692140246557,0.0048716988321440766,-0.005714993308102481,NO_RCA,0,0
6349,0.039766627603715354,0.7858864779194393,0.746119850315724,0.0008326789867643395,0.011869256018447518,0.011036577031683177,NO_RCA,0,0
6351,0.03255645318977252,0.024054755814292728,-0.008501697375479796,0.0004318504714688372,0.00039172599356438213,-4.012447790445505e-05,NO_RCA,0,0
6352,0.02835824932471998,0.0009123206774352882,-0.02744592864728469,0.00021730683720157522,7.84597448306464e-06,-0.00020946086271851058,NO_RCA,0,0
6353,0.02171489663784447,0.008463245643798073,-0.013251650994046396,0.0032724881873245106,0.0010267756513879609,-0.00224571253593655,NO_RCA,0,0
6354,0.1114843818879976,0.07538675882783684,-0.03609762306016076,0.0021641496547904113,0.0014113506052094629,-0.0007527990495809485,NO_RCA,0,0
6359,0.34900413068724784,0.30714523132434524,-0.0418588993629026,0.02987614182200976,0.02578311114099324,-0.004093030681016522,NO_RCA,0,0
6411,0.0030962189485205668,0.02090811899959649,0.017811900051075923,0.001329511313619888,0.0026206036522924948,0.0012910923386726066,NO_RCA,0,0
6412,0.005743697721925168,0.12962734111631505,0.12388364339438988,0.0024311834710721274,0.025740455140054973,0.023309271668982848,NO_RCA,0,0
6413,0.0046876078866136634,0.03553833383400715,0.03085072594739349,0.0006811702166794098,0.004039986964725554,0.0033588167480461447,NO_RCA,0,0
6415,0.008835063033289318,0.061606023621658186,0.052770960588368866,0.000989659819011811,0.00616007126145048,0.005170411442438669,NO_RCA,0,0
6416,0.04588406067209419,1.715351803830127,1.6694677431580327,0.0033046522349775703,0.12056529090399594,0.11726063866901837,GAINED_RCA,0,0
6417,0.011143211723908178,0.048748838224176895,0.03760562650026872,0.00031660541024417774,0.0013917893942424076,0.0010751839839982299,NO_RCA,0,0
6418,0.07011762474158083,1.055492502617277,0.9853748778756962,0.02041608788482355,0.22343063401951926,0.20301454613469572,GAINED_RCA,0,0
6419,0.14851585285661814,0.0464479616273181,-0.10206789122930005,0.003062958466658789,0.0006000193137675468,-0.002462939152891242,NO_RCA,0,0
6421,0.09316490141309548,0.3873818082393374,0.2942169068262419,0.01630083753366441,0.07681883749393346,0.060517999960269055,NO_RCA,0,0
6422,0.023377295074377608,0.05189934210532696,0.02852204703094935,0.00035083115652865876,0.00038061584934125293,2.978469281259417e-05,NO_RCA,0,0
6423,0.07223619793953713,0.0320646141607142,-0.040171583778822934,0.003206254963328706,0.0010275768207085758,-0.00217867814262013,NO_RCA,0,0
6424,0.01656985179862381,0.08126548308698378,0.06469563128835998,0.0012484655561516961,0.006015248157423804,0.004766782601272107,NO_RCA,0,0
6428,0.023406853872057324,0.15526760539518522,0.1318607515231279,0.0034836545670877315,0.02586567561369658,0.02238202104660885,NO_RCA,0,0
6511,0.04785013774894653,0.0898052747877206,0.04195513703877407,0.00012098895427718299,0.00012433579863837377,3.34684436119078e-06,NO_RCA,0,0
6512,0.038653021410670466,0.06283023770642313,0.02417721629575266,0.0029373601232510795,0.0016201980458090464,-0.001317162077442033,NO_RCA,0,0
6513,80.97718408968059,50.10505359046872,-30.87213049921187,12.487201315457895,4.673123141097421,-7.814078174360474,PERSISTENT_RCA,1,1
6514,2.486187476805447,1.0239866576315049,-1.462200819173942,0.6620068186811264,0.15142286076882402,-0.5105839579123024,PERSISTENT_RCA,0,0
6515,0.5658475964643002,1.2218457652275945,0.6559981687632943,0.005127309431494792,0.006249800504777716,0.0011224910732829238,GAINED_RCA,0,0
6516,2.8256010881110902,1.8633745586332002,-0.96222652947789,0.11886743847957192,0.04462509863239552,-0.0742423398471764,PERSISTENT_RCA,0,0
6517,0.9895479749922823,1.2772831914603262,0.2877352164680439,0.026812705576039503,0.017311742802572357,-0.009500962773467146,GAINED_RCA,0,0
6518,0.5694097759317761,0.8012977420217297,0.23188796608995355,0.0004320788078940353,0.00027598164281465536,-0.00015609716507937991,NO_RCA,0,0
6519,0.06374529646232201,0.09455163695163443,0.030806340489312425,0.0033287194232701025,0.0027849668039891286,-0.0005437526192809739,NO_RCA,0,0
6521,55.72591000465696,117.84273929193739,62.11682928728043,5.008468010180546,2.4551957509564226,-2.5532722592241233,PERSISTENT_RCA,1,1
6522,25.08229992190559,55.64308668039069,30.560786758485097,8.432007106640592,6.968004185889348,-1.464002920751244,PERSISTENT_RCA,1,1
6531,21.030971044822525,6.592239439471091,-14.438731605351435,7.588289315580518,1.961398455186966,-5.6268908603935515,PERSISTENT_RCA,1,1
6532,2.567953451021481,19.81874958325332,17.25079613223184,0.0845667268909688,0.43433285462239235,0.34976612773142357,PERSISTENT_RCA,0,0
6534,3.3563415199106994,23.825506035785697,20.469164515874997,0.4148655435600281,1.346076150270114,0.9312106067100858,PERSISTENT_RCA,1,1
6535,1.2334843337601207,4.211058100151086,2.9775737663909654,0.048952909317744354,0.04255484759173705,-0.006398061726007306,PERSISTENT_RCA,0,0
6536,0.7055726396850716,1.2940671866868931,0.5884945470018216,0.012994625014410682,0.026738232524077532,0.01374360750966685,GAINED_RCA,0,0
6538,0.5643595700571836,3.1145772516709846,2.550217681613801,0.019465173173304106,0.03047563286065957,0.011010459687355464,GAINED_RCA,0,0
6539,6.554860506147986,7.1754123992654355,0.6205518931174492,0.13261904218568313,0.1209271757648797,-0.011691866420803429,PERSISTENT_RCA,0,0
6541,0.8761400962645296,1.859801979087955,0.9836618828234254,0.025561229789563048,0.011913097913949866,-0.013648131875613182,GAINED_RCA,0,0
6542,0.41847843984305744,1.6003007415865582,1.1818223017435008,0.023927460052390468,0.01969465859911415,-0.004232801453276317,GAINED_RCA,0,0
6543,1.8503457225725253,5.351442915316947,3.501097192744422,0.05890244200783368,0.05361591281849883,-0.0052865291893348446,PERSISTENT_RCA,0,0
6544,0.5144005900030454,0.935343042658638,0.4209424526555926,0.010935850396407357,0.012045561045087971,0.0011097106486806143,NO_RCA,0,0
6545,7.791443901573264,21.052461660838414,13.261017759265151,0.028149126686408052,0.05047026334039883,0.022321136653990777,PERSISTENT_RCA,0,0
6546,0.0,0.006077888276149139,0.006077888276149139,0.0,0.00011747686453066521,0.00011747686453066521,NO_RCA,0,0
6549,21.342025986608274,15.782425151787862,-5.559600834820412,0.014918774712345746,0.013769507203343564,-0.0011492675090021814,PERSISTENT_RCA,0,0
6551,3.3067266512045452,1.2287689820998693,-2.077957669104676,0.7654178797169728,0.267362200078119,-0.49805567963885383,PERSISTENT_RCA,0,0
6552,1.389259531069488,0.5666906429452236,-0.8225688881242643,0.1245006244740925,0.04479967698339649,-0.079700947490696,LOST_RCA,0,0
6553,0.44078553788044217,0.23565283996331007,-0.2051326979171321,0.0013338771919501578,0.0006290467775649344,-0.0007048304143852234,NO_RCA,0,0
6560,1.3314421848272084,1.4663587110550138,0.13491652622780537,0.09652118951665718,0.07013755534167038,-0.026383634174986806,PERSISTENT_RCA,0,0
6571,2.85121755829668,2.8585012540597674,0.0072836957630872945,0.05546870580942695,0.04935454331759052,-0.006114162491836432,PERSISTENT_RCA,0,0
6572,0.7537246003387695,0.8448088343685259,0.0910842340297564,0.085049585763715,0.11644715077438399,0.03139756501066898,NO_RCA,0,0
6573,0.1686737224875158,0.37343648426774384,0.20476276178022804,0.03332108279479323,0.051569485529123126,0.018248402734329892,NO_RCA,0,0
6574,12.350017819619538,13.551814925236298,1.2017971056167607,0.12855732099182313,0.07000949943066219,-0.05854782156116094,PERSISTENT_RCA,0,0
6575,1.2031348945347944,0.6646467745659405,-0.5384881199688539,0.03711784865048818,0.02599608749948981,-0.011121761150998367,LOST_RCA,0,0
6576,0.39708649795588674,0.2060014748137103,-0.19108502314217643,0.0004346997130456425,0.00020993619375847498,-0.0002247635192871675,NO_RCA,0,0
6577,7.064558236170694,0.6214418914945858,-6.443116344676108,0.5179341973793217,0.04644072224881913,-0.47149347513050255,LOST_RCA,0,0
6579,0.21976236693557757,0.2709507375595135,0.051188370623935914,0.00016614092118666133,0.00015047395666790338,-1.5666964518757948e-05,NO_RCA,0,0
6581,8.793137831180063,6.519768879948772,-2.2733689512312916,0.16341750756895893,0.1582400789275966,-0.005177428641362336,PERSISTENT_RCA,0,0
6582,24.21470421958699,13.09658884440069,-11.118115375186301,0.5743258898353858,0.5653970042816742,-0.00892888555371163,PERSISTENT_RCA,1,0
6583,10.827819495452182,7.156449201504704,-3.6713702939474784,0.24854590433928336,0.23440765796031218,-0.014138246378971181,PERSISTENT_RCA,0,0
6584,78.43105522574898,95.63389076493759,17.202835539188612,14.8595884136268,18.607690876178697,3.7481024625518966,PERSISTENT_RCA,1,1
6589,12.166788085034744,8.94887105046685,-3.2179170345678934,0.4786648465417053,0.4293836251846678,-0.0492812213570375,PERSISTENT_RCA,0,0
6591,0.014958944134060454,0.06734810029926058,0.05238915616520013,0.000221123914253854,0.0007463845579147561,0.0005252606436609021,NO_RCA,0,0
6592,96.77097929297962,48.50079803886163,-48.270181254117986,3.2333861250186366,0.29231550406879486,-2.9410706209498416,PERSISTENT_RCA,0,0
6593,28.314015528402283,25.519687386876598,-2.7943281415256855,0.04530848819132025,0.020282862484364766,-0.025025625706955486,PERSISTENT_RCA,0,0
6594,1.6090251159217897,0.4805935281754334,-1.1284315877463562,0.0557519120776806,0.016471427550174392,-0.03928048452750621,LOST_RCA,0,0
6595,0.21527331458768958,0.15160590182960168,-0.0636674127580879,0.01597469276545278,0.008334173221738283,-0.007640519543714497,NO_RCA,0,0
6596,0.1404607612826065,0.08468469056099115,-0.05577607072161536,0.0020055468638780056,0.0007786947113524312,-0.0012268521525255743,NO_RCA,0,0
6597,0.4405973134535383,0.3193600160513297,-0.12123729740220862,0.0009523452689065007,0.0009596051417366074,7.259872830106605e-06,NO_RCA,0,0
6611,0.04586321024300005,0.04696803785140167,0.0011048276084016165,0.0001991779614657831,0.00040214118551108605,0.00020296322404530294,NO_RCA,0,0
6612,0.39416676910475695,12.822918162051389,12.428751392946632,0.033434741991499296,1.1386937034009452,1.105258961409446,GAINED_RCA,1,1
6613,0.282153870925869,0.4402591564861618,0.1581052855602928,0.039023672301096664,0.06007093645640669,0.021047264155310025,NO_RCA,0,0
6618,0.05238841700741046,0.01868487067119528,-0.03370354633621518,0.0021223435366684927,0.0008253929778908796,-0.001296950558777613,NO_RCA,0,0
6623,0.06618519532023684,0.05970943221746692,-0.00647576310276992,0.003287989347759399,0.002810315988514786,-0.00047767335924461286,NO_RCA,0,0
6624,0.028901656225361866,0.04925956407757362,0.020357907852211754,0.004606291823163733,0.007528515137753121,0.0029222233145893882,NO_RCA,0,0
6631,0.017049945807312877,0.018711358268833498,0.0016614124615206213,0.0005786835601907517,0.0006250590506905669,4.637549049981522e-05,NO_RCA,0,0
6632,0.004038047278771967,0.011324493202700387,0.007286445923928421,0.0001461836511505913,0.0003446612191351996,0.00019847756798460828,NO_RCA,0,0
6633,1.710296574227277,0.3225490922036821,-1.3877474820235949,0.14288556628305993,0.05130246361811305,-0.09158310266494687,LOST_RCA,0,0
6635,0.01521016593804614,0.004574785257316032,-0.010635380680730108,0.00041059125820603134,0.00015235091559540932,-0.000258240342610622,NO_RCA,0,0
6637,0.14173584439696288,0.010376478136373357,-0.13135936626058953,0.0028986284920767542,0.0001570980827408941,-0.00274153040933586,NO_RCA,0,0
6638,0.21086398444606622,0.0503871308559935,-0.16047685359007272,0.003885731392580234,0.0004833702102622804,-0.0034023611823179533,NO_RCA,0,0
6639,0.06648684037637694,0.13309035705241165,0.06660351667603472,0.005144691776490826,0.011831283911281845,0.0066865921347910185,NO_RCA,0,0
6641,0.05474935434418852,0.6262022663112653,0.5714529119670768,0.0014777958599482162,0.007238069274829176,0.005760273414880959,NO_RCA,0,0
6642,0.006125868787905862,0.022252433485624445,0.016126564697718584,0.0009181483796138408,0.0041169674611844535,0.0031988190815706126,NO_RCA,0,0
6643,0.07493956412046608,0.08284590004391741,0.00790633592345133,0.00014798021062552188,0.00020875205593240656,6.0771845306884675e-05,NO_RCA,0,0
6644,0.0011788058434688345,1.7152782777026576,1.7140994718591889,8.537991062017862e-05,0.11009580790032691,0.11001042798970674,GAINED_RCA,0,0
6645,0.0013218715795234668,0.02724852458329334,0.025926653003769874,6.53800042613214e-06,0.00018476684692995537,0.00017822884650382323,NO_RCA,0,0
6646,0.12447909091442716,0.0,-0.12447909091442716,9.388503601769263e-05,0.0,-9.388503601769263e-05,NO_RCA,0,0
6647,0.0012676504102873466,0.019025733708407672,0.017758083298120324,9.743977600354446e-05,0.001514329015068332,0.0014168892390647877,NO_RCA,0,0
6648,0.01743581017785478,0.05480458058246362,0.03736877040460884,0.0005991040645046166,0.003005193084858214,0.0024060890203535974,NO_RCA,0,0
6649,0.12882671281655173,0.004431571392529776,-0.12439514142402194,0.014971776897598725,0.00034822518351313044,-0.014623551714085595,NO_RCA,0,0
6651,0.1265085095312645,0.3258355240894623,0.19932701455819782,0.010272868606019924,0.03747070895151979,0.027197840345499866,NO_RCA,0,0
6652,0.013090603341361499,0.45124417263359456,0.4381535692922331,0.0012037947604746286,0.032576794389106094,0.031372999628631465,NO_RCA,0,0
6658,0.0944460733515935,0.0430954281653971,-0.0513506451861964,0.003631533129090188,0.0017372483096799402,-0.0018942848194102478,NO_RCA,0,0
6664,0.09647280267099682,0.18897786841307115,0.09250506574207433,0.004726079078525104,0.01005662081515202,0.005330541736626915,NO_RCA,0,0
6665,0.09462238835010295,0.1874743297197838,0.09285194136968086,0.0018440293015519636,0.003969361470064371,0.0021253321685124078,NO_RCA,0,0
6666,0.03645001237760443,0.05641205952004361,0.019962047142439182,0.0014592871374852004,0.001577930664093256,0.00011864352660805565,NO_RCA,0,0
6671,0.000755488191997826,0.7289569776348719,0.7282014894428741,1.2260099881661518e-05,0.0026446061593972635,0.002632346059515602,NO_RCA,0,0
6672,4.5868098565292466e-05,0.0006271583180729164,0.0005812902195076239,4.499813927506309e-05,0.0003474740621787922,0.0003024759229037291,NO_RCA,0,0
6673,0.7587249040098042,0.3891206732809153,-0.36960423072888887,0.02553726712898931,0.027641987053050182,0.002104719924060871,NO_RCA,0,0
6674,0.19122000054311336,0.04452219245890184,-0.1466978080842115,0.0017242531887777888,0.0012913022712636808,-0.00043295091751410796,NO_RCA,0,0
6712,0.0,0.5478901914690032,0.5478901914690032,0.0,0.017762263892538686,0.017762263892538686,NO_RCA,0,0
6713,0.0,5.803098742433982,5.803098742433982,0.0,0.2478103141310426,0.2478103141310426,GAINED_RCA,0,0
6716,0.0012116058609287245,0.01226280640073546,0.011051200539806735,0.00012519723343218505,0.003072020859788669,0.002946823626356484,NO_RCA,0,0
6724,0.0032698900333811127,0.058621516170323816,0.0553516261369427,5.077426591047237e-05,0.0005228851219571185,0.00047211085604664614,NO_RCA,0,0
6725,0.009977648057466032,1.400569443209659,1.3905917951521929,0.0021604559138466164,0.3386025077642662,0.3364420518504196,GAINED_RCA,0,0
6727,0.0011663825341497965,0.0004066926014658242,-0.0007596899326839724,0.0004163540761266981,0.00019172351267678347,-0.00022463056344991465,NO_RCA,0,0
6731,0.013124716932573518,0.004477592218703912,-0.008647124713869607,0.001630560794787476,0.0006481469766152237,-0.0009824138181722523,NO_RCA,0,0
6732,0.006453452613671989,0.003567139857306658,-0.0028863127563653313,0.0013062071419279537,0.0009853473088281364,-0.0003208598330998174,NO_RCA,0,0
6733,0.015271389924291298,0.003073613625529765,-0.012197776298761533,0.0017613635464939143,0.0004216577889961125,-0.0013397057574978017,NO_RCA,0,0
6741,0.007667582199824988,0.012875870280924873,0.005208288081099885,0.00010491720907846647,0.00024609975651758296,0.0001411825474391165,NO_RCA,0,0
6744,0.0008166755698472321,0.06451362317571475,0.06369694760586753,0.00010615502533115914,0.010405957367029024,0.010299802341697865,NO_RCA,0,0
6745,0.001239832616596575,0.036619861558586646,0.03538002894199007,8.26253749519547e-05,0.0032012781516551625,0.003118652776703208,NO_RCA,0,0
6746,0.0007287697965925121,0.1251672995108505,0.12443852971425799,0.00017459766830596628,0.030768308075526024,0.03059371040722006,NO_RCA,0,0
6747,0.023392689479735215,0.03860954706195899,0.015216857582223773,0.0014546893473758862,0.002042479896043756,0.0005877905486678697,NO_RCA,0,0
6749,0.002956809222700588,0.47054249931939346,0.4675856900966929,0.0007048273373353388,0.15528959331478895,0.1545847659774536,NO_RCA,0,0
6750,0.0022484059076603885,0.39267919999968437,0.39043079409202397,0.0003112678787358629,0.05582780609097471,0.05551653821223884,NO_RCA,0,0
6760,0.03471557165579813,0.0003488105569976727,-0.03436676109880046,0.0008985097528662547,9.265382154467055e-06,-0.0008892443707117876,NO_RCA,0,0
6770,0.09299930685738554,0.07930410155016797,-0.013695205307217573,0.007004684930715935,0.008242843120789127,0.001238158190073192,NO_RCA,0,0
6781,0.041693659302336324,0.0408240009025656,-0.0008696583997707258,0.0008027983287722946,0.0009169444805641637,0.00011414615179186909,NO_RCA,0,0
6782,0.04258141090463855,0.04151542525051565,-0.0010659856541229001,0.005951225666762085,0.006756306571331232,0.0008050809045691467,NO_RCA,0,0
6783,0.5572300087972453,0.523579961946683,-0.033650046850562276,0.09460430725849256,0.10829150913564745,0.013687201877154886,NO_RCA,0,0
6784,0.18493174727172815,0.0014105924145561128,-0.18352115485717205,0.006144389691584697,3.0471490883098747e-05,-0.006113918200701598,NO_RCA,0,0
6785,0.27141912688763264,0.010928265717133373,-0.26049086117049924,0.027782549946392666,0.0014958023775096382,-0.026286747568883027,NO_RCA,0,0
6793,0.07261618740801347,0.09818186345914633,0.025565676051132857,0.004545680267154375,0.00854668762334478,0.004001007356190404,NO_RCA,0,0
6794,0.05105063048954594,0.0764636272900638,0.02541299680051786,0.005029190553692325,0.009715621876359793,0.004686431322667468,NO_RCA,0,0
6911,0.08710509000964123,0.03454749763817217,-0.05255759237146906,0.022236228329589974,0.01744929467755001,-0.004786933652039964,NO_RCA,0,0
6912,0.02349152397490126,0.007099666947091989,-0.01639185702780927,0.0016006366010716151,0.0008944753624477668,-0.0007061612386238483,NO_RCA,0,0
6921,0.028497215433405467,0.035119892721274866,0.006622677287869399,0.00042939335168864953,0.0006938210968407435,0.00026442774515209397,NO_RCA,0,0
6924,0.08194457242072647,2.095902456582787,2.0139578841620605,0.009788797809547563,0.29799317837107564,0.2882043805615281,GAINED_RCA,0,0
6931,0.21473902686711435,0.015822092957642957,-0.1989169339094714,0.012989846166621114,0.0013325612367541453,-0.011657284929866969,NO_RCA,0,0
6932,0.09286381463476916,0.12528296008084247,0.032419145446073314,0.00017129659675614809,0.000256536389705394,8.523979294924593e-05,NO_RCA,0,0
6935,0.04661085953702041,0.011775200986685568,-0.034835658550334846,0.001785739979132205,0.0005212337992537031,-0.0012645061798785017,NO_RCA,0,0
6940,0.059172003542056505,0.03176636590604496,-0.027405637636011546,0.013858516005490663,0.010830791062885784,-0.0030277249426048786,NO_RCA,0,0
6951,0.25458215574003823,0.3261990513122607,0.07161689557222245,0.0029828760677345968,0.004706288968362743,0.001723412900628146,NO_RCA,0,0
6953,0.12682794840680994,0.5069971832465082,0.3801692348396983,0.01671994434006074,0.07164720111517915,0.05492725677511841,NO_RCA,0,0
6954,0.02940431970154624,0.10537152769678866,0.07596720799524243,0.007743222218153045,0.022915671184897055,0.01517244896674401,NO_RCA,0,0
6960,3.3236602727554527,3.430752249329224,0.10709197657377123,0.331973612863256,0.29432878131689927,-0.03764483154635673,PERSISTENT_RCA,0,0
6973,0.10612107327223054,0.04779283639356926,-0.05832823687866128,0.016607365648486253,0.008627395980764256,-0.007979969667721997,NO_RCA,0,0
6974,0.3208669467223582,0.9203355478520794,0.5994686011297212,0.03899267072242946,0.14060065031506563,0.10160797959263618,NO_RCA,0,0
6975,0.9972622518309059,0.31443461270373013,-0.6828276391271757,0.012187036364685516,0.004789430374252965,-0.007397605990432551,NO_RCA,0,0
6978,0.022632399340203262,0.011093803016229855,-0.011538596323973407,0.00029984156878445933,0.00013891488001233608,-0.00016092668877212325,NO_RCA,0,0
6991,0.030509756410982174,0.039677526540819956,0.009167770129837782,0.009123474776507033,0.014465616726518327,0.0053421419500112935,NO_RCA,0,0
6992,0.011119339665721923,0.02036534675017608,0.009246007084454158,0.0003531966728712441,0.0007925084936254411,0.00043931182075419704,NO_RCA,0,0
6993,0.03815956443110644,0.18585361667637054,0.1476940522452641,0.0010903094653933654,0.005852723141290851,0.004762413675897486,NO_RCA,0,0
6994,0.08115036655364982,0.013206711340323168,-0.06794365521332665,0.006226485039105649,0.001014435628671352,-0.005212049410434297,NO_RCA,0,0
6996,0.031188666030443568,0.03950480491246051,0.00831613888201694,0.0025376306598939333,0.00424479078414567,0.001707160124251737,NO_RCA,0,0
6997,0.07142903709736798,0.08963539110427117,0.018206354006903194,0.019760430979176916,0.03255603220213934,0.012795601222962423,NO_RCA,0,0
6998,0.07314906179463317,0.040926798884460096,-0.03222226291017307,0.013588563446187281,0.010779521276475633,-0.0028090421697116487,NO_RCA,0,0
6999,0.07334211920917082,0.0245699299904628,-0.04877218921870802,0.003907886750315619,0.0019530921756514988,-0.0019547945746641203,NO_RCA,0,0
7111,0.1279425988203407,0.481589465598667,0.3536468667783263,0.0020893505104738644,0.004348962364276538,0.002259611853802674,NO_RCA,0,0
7112,0.014047619658853296,0.020541843252442567,0.006494223593589272,0.0001239414611153499,0.00010839244124206494,-1.5549019873284953e-05,NO_RCA,0,0
7119,0.002586545749075434,0.025047471104350932,0.0224609253552755,7.394686225513162e-05,0.00040187987635395534,0.0003279330140988237,NO_RCA,0,0
7126,0.004586584734135491,0.06344084466936338,0.05885425993522789,9.480254481620695e-05,0.000486410597247678,0.00039160805243147105,NO_RCA,0,0
7129,0.27699471304071016,0.4569390768047905,0.17994436376408035,0.01235721137655941,0.015251276253659,0.002894064877099589,NO_RCA,0,0
7131,0.07362261097382856,1.234127283172734,1.1605046721989054,0.0023962974426668233,0.035391977634524896,0.03299568019185807,GAINED_RCA,0,0
7132,0.0028899013732770957,0.007421233390749978,0.0045313320174728815,0.0020201742236174163,0.0032395804242061933,0.001219406200588777,NO_RCA,0,0
7133,0.004006872181969945,0.6665127447403127,0.6625058725583428,0.0002621419848544475,0.03662228134035758,0.036360139355503134,NO_RCA,0,0
7138,0.0023792492492082386,0.06768110927062705,0.06530186002141881,0.0001789716863742406,0.0054447633032972355,0.005265791616922995,NO_RCA,0,0
7139,0.009422358810976179,0.021288130065078695,0.011865771254102516,0.004745891430222213,0.009235643000082406,0.004489751569860193,NO_RCA,0,0
7144,0.23172188773858118,0.04704512949771419,-0.184676758240867,0.08249198609629672,0.019565348364408288,-0.06292663773188843,NO_RCA,0,0
7148,0.22987086741076526,0.7597641853967683,0.529893317986003,0.03225841655652602,0.05370251087159195,0.021444094315065935,NO_RCA,0,0
7149,0.06116889237488679,0.2272550162331838,0.16608612385829702,0.034030473424756916,0.12010734826608686,0.08607687484132995,NO_RCA,0,0
7161,0.06132511472364039,0.09331622896122056,0.03199111423758017,0.009994403759973782,0.01930792028378653,0.00931351652381275,NO_RCA,0,0
7162,0.029394010815499638,0.1440271925012063,0.11463318168570666,0.009338843359029105,0.051319564191712796,0.04198072083268369,NO_RCA,0,0
7163,0.0,0.014050219056261895,0.014050219056261895,0.0,1.443282499899583e-05,1.443282499899583e-05,NO_RCA,0,0
7169,0.07185803636563644,0.010279196570153122,-0.061578839795483314,0.009595460506608337,0.0016015874391748551,-0.007993873067433481,NO_RCA,0,0
7187,0.0,0.00014787836964809438,0.00014787836964809438,0.0,2.346406440345758e-06,2.346406440345758e-06,NO_RCA,0,0
7188,0.145854928592714,0.04268958834768033,-0.10316534024503368,0.009451356028692397,0.004859535935114168,-0.004591820093578228,NO_RCA,0,0
7211,0.04248850585904515,0.20607779035878593,0.16358928449974078,0.0017721464008261213,0.01400472349123535,0.012232577090409228,NO_RCA,0,0
7212,0.0496382624334818,0.029373795756524036,-0.020264466676957766,0.006511677324252927,0.0053987250175693115,-0.0011129523066836155,NO_RCA,0,0
7213,0.11103906424241729,0.4903280847051097,0.3792890204626924,0.0018344207367758057,0.007018920126834028,0.005184499390058222,NO_RCA,0,0
7219,0.03702048667499787,0.03277388368772726,-0.004246602987270608,0.0014788418103731434,0.002026959373805851,0.0005481175634327075,NO_RCA,0,0
7223,0.1770833216146973,0.2616533273897862,0.08457000577508889,0.0028433522476440905,0.0035618821975350406,0.0007185299498909501,NO_RCA,0,0
7224,0.23400373250600148,0.9311778090754741,0.6971740765694726,0.033852288726982704,0.158935306010637,0.12508301728365429,NO_RCA,0,0
7233,1.305181552231284,0.07934261115485403,-1.2258389410764299,0.05950992580959535,0.004734528196560765,-0.054775397613034585,LOST_RCA,0,0
7234,0.06815831439286849,0.0678327663882562,-0.0003255480046122916,0.019674846980790122,0.027446191826522467,0.007771344845732345,NO_RCA,0,0
7239,0.6329019647987343,0.09012649054779255,-0.5427754742509417,0.18289301551585604,0.024546531141139957,-0.1583464843747161,NO_RCA,0,0
7243,0.0745995051067403,0.0459252736661673,-0.028674231440572996,0.005724104097359336,0.0014587320664047668,-0.004265372030954569,NO_RCA,0,0
7244,0.1064147581331291,0.30110883240756586,0.19469407427443675,0.00798460966647562,0.010654004443832172,0.0026693947773565527,NO_RCA,0,0
7245,0.09471562055312689,1.0438806527801812,0.9491650322270543,0.00827484363949163,0.03609311744595295,0.02781827380646132,GAINED_RCA,0,0
7246,0.12655948557713223,0.25095150136929184,0.12439201579215961,0.00682614426022721,0.005666323709561813,-0.0011598205506653967,NO_RCA,0,0
7247,0.09448140055507043,0.05403354705866414,-0.04044785349640629,0.007985720044326171,0.004611701517040735,-0.003374018527285436,NO_RCA,0,0
7248,0.06894185397929017,0.08569737554577915,0.016755521566488976,0.0010674099983267239,0.0005577869823903031,-0.0005096230159364208,NO_RCA,0,0
7251,0.048839285049800896,0.015523963248121097,-0.0333153218016798,0.0014684258566249053,0.00022755855393594932,-0.001240867302688956,NO_RCA,0,0
7252,0.1870156060884864,0.3143842409560678,0.1273686348675814,0.00843514561381594,0.011791439200819214,0.003356293587003274,NO_RCA,0,0
7259,0.02888525826956012,0.017749592395127183,-0.011135665874432939,0.0015816425451273296,0.000629382242054488,-0.0009522603030728416,NO_RCA,0,0
7263,0.0577077083176303,0.13677759334918824,0.07906988503155793,0.0015536714299008844,0.0008730728631225962,-0.0006805985667782882,NO_RCA,0,0
7264,0.003296147630829196,0.04971836295060203,0.046422215319772836,0.00036369714133220756,0.0011339723142980585,0.000770275172965851,NO_RCA,0,0
7267,0.01984693882639223,0.07652050662184012,0.056673567795447896,0.00073258034521873,0.00145143906469154,0.00071885871947281,NO_RCA,0,0
7268,0.004108063067587852,0.0364813418619818,0.032373278794393945,8.312385818010991e-05,0.0002059020098002361,0.0001227781516201262,NO_RCA,0,0
7269,0.02072568879585476,0.013097090688084137,-0.007628598107770623,0.000428418364705875,7.188904021698513e-05,-0.0003565293244888899,NO_RCA,0,0
7271,0.027798157464496917,0.28482794887265206,0.25702979140815513,0.0002691644197936048,0.002105466530132731,0.0018363021103391262,NO_RCA,0,0
7272,0.13772198638849545,0.6893829524759071,0.5516609660874117,0.014175646463168677,0.07703624672042803,0.06286060025725934,NO_RCA,0,0
7281,0.05947405345268351,0.0199774848162091,-0.03949656863647441,0.010804854305183631,0.003435985364318888,-0.007368868940864743,NO_RCA,0,0
7283,0.04346222500297772,0.05712087044952991,0.013658645446552188,0.00458502266875816,0.007372735814358663,0.002787713145600503,NO_RCA,0,0
7284,0.1342949954615764,0.022929937985884167,-0.11136505747569223,0.1085247258711352,0.02493112343480672,-0.08359360243632848,NO_RCA,0,0
7361,0.015971012838508634,0.0760985582231357,0.06012754538462707,0.0030669860699743504,0.009605318075879702,0.006538332005905352,NO_RCA,0,0
7362,0.15296421514909,0.013831976763838983,-0.13913223838525102,0.011472240068282234,0.0012472268232350744,-0.01022501324504716,NO_RCA,0,0
7367,0.006876723714051797,0.006716462344037733,-0.0001602613700140646,0.0007088442799845399,0.000515528153556098,-0.00019331612642844195,NO_RCA,0,0
7368,0.006607118014924386,0.014615653321866652,0.008008535306942267,0.0005259824214960217,0.0012923693436205216,0.0007663869221244999,NO_RCA,0,0
7369,0.016427921524564737,0.009125394238483528,-0.007302527286081209,0.002520974676314836,0.001744819716196946,-0.0007761549601178902,NO_RCA,0,0
7371,0.13598694739910755,0.021465473954095426,-0.11452147344501212,0.0032197214836352933,0.00039448490753105683,-0.0028252365761042364,NO_RCA,0,0
7372,0.06606605885505971,0.08042188177769793,0.01435582292263822,0.0026975628237073945,0.002960590248490167,0.00026302742478277264,NO_RCA,0,0
7373,0.10583563969075371,0.008570663674079127,-0.09726497601667458,0.014417720913571972,0.0018643768619292735,-0.012553344051642698,NO_RCA,0,0
7411,0.0,0.02375049573804723,0.02375049573804723,0.0,1.4344821291930123e-05,1.4344821291930123e-05,NO_RCA,0,0
7412,0.02080269513781369,0.06065686094664902,0.03985416580883533,0.00047309909233610387,0.0008763735004942923,0.00040327440815818847,NO_RCA,0,0
7413,0.020743801253637343,0.03308697205073909,0.01234317079710175,0.0017800423997000553,0.004414539711612465,0.0026344973119124095,NO_RCA,0,0
7414,0.022666571158572495,0.014829801961633334,-0.007836769196939162,0.00387175153047534,0.003297363557540457,-0.0005743879729348828,NO_RCA,0,0
7415,0.030770686208669632,0.02099857753876755,-0.009772108669902083,0.008385458550024769,0.008299772512365128,-8.568603765964078e-05,NO_RCA,0,0
7416,0.01249429669501425,0.023200453225449096,0.010706156530434847,0.0023248763969598222,0.005889380261385792,0.0035645038644259697,NO_RCA,0,0
7421,0.01860865028951757,0.03170658686156983,0.01309793657205226,0.0017139815605510657,0.003839342537305599,0.002125360976754533,NO_RCA,0,0
7422,0.12010719857107166,0.19297158176483556,0.0728643831937639,0.008598380877064328,0.02143616998121918,0.012837789104154852,NO_RCA,0,0
7423,0.03395356091795498,0.006448704178522588,-0.027504856739432388,0.002100852363342527,0.00044942984541229236,-0.0016514225179302346,NO_RCA,0,0
7428,0.0821584034780725,0.03835555408217972,-0.04380284939589278,0.005383307298737949,0.0022891913508122654,-0.0030941159479256834,NO_RCA,0,0
7429,0.056454044602313624,0.12337534563351639,0.06692130103120277,0.0058612059177680165,0.013360705594893545,0.007499499677125528,NO_RCA,0,0
7431,0.02315876496765858,0.0065230701702007204,-0.01663569479745786,0.006429813123949347,0.0021137157342209167,-0.00431609738972843,NO_RCA,0,0
7432,0.21628199610408197,0.14659781732782332,-0.06968417877625865,0.014794190712668737,0.010536553182245232,-0.004257637530423505,NO_RCA,0,0
7433,0.01677637628754973,0.0321753314492243,0.015398955161674568,4.977844490185923e-06,1.0847510177296938e-05,5.869665687111015e-06,NO_RCA,0,0
7434,0.5873711457620088,0.8834635657732743,0.29609242001126557,0.04672265608110121,0.10886557340634921,0.062142917325248,NO_RCA,0,0
7435,0.005008597351082827,0.04217375189227699,0.037165154541194165,0.00029390618037801675,0.0027433580467144465,0.0024494518663364297,NO_RCA,0,0
7436,0.10328214687064013,0.3555053625569465,0.25222321568630635,0.030707202416201063,0.17494068882996036,0.1442334864137593,NO_RCA,0,0
7439,0.014025563522629812,0.008398694401686797,-0.005626869120943016,0.0016134468977693067,0.0012621730947082876,-0.0003512738030610192,NO_RCA,0,0
7441,0.08466609132450449,0.044912690364779635,-0.039753400959724856,0.019769296746453946,0.0125585036416855,-0.007210793104768446,NO_RCA,0,0
7442,0.0361781909225244,0.05347926336807329,0.01730107244554889,0.01133521178556002,0.023781000276675787,0.012445788491115767,NO_RCA,0,0
7449,0.03324379960056909,0.014180524964316715,-0.019063274636252375,0.007156778393109921,0.0031877349808816864,-0.003969043412228234,NO_RCA,0,0
7451,0.037414964376989386,0.09368573934692276,0.05627077496993337,0.004791193625572257,0.010018951871092571,0.005227758245520314,NO_RCA,0,0
7452,0.016113593347119592,0.0812278018533337,0.0651142085062141,0.007036769633106096,0.03605061583382323,0.02901384620071713,NO_RCA,0,0
7491,0.02189473082386086,0.010147402002919654,-0.011747328820941205,0.005273450401347755,0.002150189585799152,-0.003123260815548603,NO_RCA,0,0
7492,0.019212329737712357,0.011323757211392041,-0.007888572526320315,0.0089479820947913,0.007692458183423567,-0.0012555239113677327,NO_RCA,0,0
7493,0.014199019757267733,0.02828100324105055,0.014081983483782817,0.004842918602856556,0.012833162005842858,0.007990243402986302,NO_RCA,0,0
7499,0.011376707423120707,0.03190082272066791,0.020524115297547205,0.0021460044417111004,0.005980687596998113,0.003834683155287013,NO_RCA,0,0
7511,0.022545019585030773,0.0,-0.022545019585030773,0.00011184130135710133,0.0,-0.00011184130135710133,NO_RCA,0,0
7512,0.005155424307706884,0.021405977726746076,0.016250553419039193,0.0005035745495744027,0.0021804394140134994,0.0016768648644390968,NO_RCA,0,0
7518,0.003330348444943495,0.013340063829893027,0.010009715384949531,0.002396257923038875,0.004842641667726332,0.0024463837446874566,NO_RCA,0,0
7521,0.0,0.0,0.0,0.0,0.0,0.0,NO_RCA,0,0
7522,0.009074523215205854,0.0036219952792363014,-0.005452527935969552,0.0016123343496295438,0.0006584866099779598,-0.0009538477396515841,NO_RCA,0,0
7523,0.001909749454977805,0.009001555681940878,0.007091806226963073,0.0019758679108764442,0.012870886912050678,0.010895019001174233,NO_RCA,0,0
7524,0.0017708132552825351,0.004192500230807478,0.002421686975524943,0.00024024212524555524,0.000304911409894225,6.466928464866976e-05,NO_RCA,0,0
7525,0.002540744132382377,0.016986216220290506,0.01444547208790813,0.005893095130711006,0.029046964829932336,0.02315386969922133,NO_RCA,0,0
7528,0.006511823259762115,0.0262919915312101,0.019780168271447986,0.0008149716462955784,0.006397612298300871,0.005582640652005293,NO_RCA,0,0
7591,0.003648257479210559,0.010895375671634476,0.007247118192423917,0.0016108035395918235,0.0017856207260222654,0.0001748171864304419,NO_RCA,0,0
7599,0.0104064419873923,0.003684126703909343,-0.006722315283482957,0.025131591961937705,0.003397411249303971,-0.021734180712633736,NO_RCA,0,0
7611,0.005462918316529272,0.005402391183658828,-6.052713287044414e-05,0.004226839638239409,0.0031608817225585385,-0.0010659579156808703,NO_RCA,0,0
7612,,,,,,,INSUFFICIENT_RCA_DATA,,
7621,4.994990600910812e-05,0.0014571047159777214,0.0014071548099686133,6.855339588072592e-06,5.952614984603077e-05,5.2670810257958176e-05,NO_RCA,0,0
7622,0.0034948730462101983,0.00042021558041616894,-0.0030746574657940294,0.00020135033381213566,2.9551750920644837e-06,-0.00019839515872007118,NO_RCA,0,0
7628,0.007705136909541181,0.006062752886088446,-0.0016423840234527348,0.0009396181866956004,0.00011775372045000229,-0.0008218644662455982,NO_RCA,0,0
7631,0.00045411268707033894,0.1955157379391723,0.19506162525210194,5.164571575201902e-06,0.00034995681903496155,0.0003447922474597597,NO_RCA,0,0
7638,0.0027386562294109715,0.007926430192331387,0.005187773962920415,0.0014771303961703425,0.0027326881379877497,0.0012555577418174072,NO_RCA,0,0
7641,0.030489097974242114,0.00942051370309459,-0.021068584271147522,0.02779732061875458,0.010705296412942204,-0.017092024205812375,NO_RCA,0,0
7642,0.0016184715421225279,0.0029730374443450607,0.0013545659022225329,0.0003198044012141812,0.0008364469346827151,0.000516642533468534,NO_RCA,0,0
7643,0.014956943418113712,0.01243609607406152,-0.0025208473440521927,0.008918938128059639,0.009147113262118757,0.00022817513405911857,NO_RCA,0,0
7648,0.048781117957262365,0.011825285388481974,-0.03695583256878039,0.0217728247856294,0.005739601358266246,-0.016033223427363155,NO_RCA,0,0
7649,0.040465269009814904,0.013302075697829341,-0.027163193311985565,0.03568929456595957,0.01009299929869642,-0.025596295267263147,NO_RCA,0,0
7711,0.5331067668286811,0.057607195878327466,-0.4754995709503536,0.09389956247543223,0.01339190407281792,-0.08050765840261431,NO_RCA,0,0
7712,0.011843330185794844,0.008088487679462334,-0.00375484250633251,0.005527093304630992,0.006041858267536394,0.0005147649629054021,NO_RCA,0,0
7721,0.0225042798290378,0.009783867022443495,-0.012720412806594304,0.02834673276590084,0.017037177791003714,-0.011309554974897124,NO_RCA,0,0
7722,0.0031756098641831025,0.004116822116317794,0.0009412122521346915,0.0011693544378743456,0.0012873755816544441,0.00011802114378009856,NO_RCA,0,0
7723,0.006248035257059759,0.007390620034658894,0.0011425847775991356,0.0006580681202279213,0.0005576881950993205,-0.00010037992512860084,NO_RCA,0,0
7731,0.005834892092098756,0.03707344204175121,0.031238549949652455,0.0033401610978392106,0.03183696305112912,0.028496801953289908,NO_RCA,0,0
7732,0.31357410637306254,0.04607970050891161,-0.26749440586415096,0.02147117472505682,0.002900581563757673,-0.018570593161299147,NO_RCA,0,0
7741,0.36602200828501436,0.3740936416340363,0.008071633349021945,0.06623497488812453,0.08778263443214811,0.021547659544023573,NO_RCA,0,0
7742,0.011627975800150951,0.013874424508786383,0.0022464487086354314,0.001761534967074668,0.0022566711988989178,0.0004951362318242497,NO_RCA,0,0
7751,0.00795883275984829,0.054606569525880194,0.04664773676603191,0.000812789393732525,0.004518182661877667,0.0037053932681451423,NO_RCA,0,0
7752,0.0156357601297902,0.06796348423169096,0.05232772410190076,0.002195380711996745,0.011389253724428167,0.009193873012431422,NO_RCA,0,0
7753,0.0,0.0003075785579635132,0.0003075785579635132,0.0,1.0813601111409795e-05,1.0813601111409795e-05,NO_RCA,0,0
7754,0.010361509477195099,0.004028408196328406,-0.0063331012808666935,0.0002366123288851575,0.00012752146772886745,-0.00010909086115629005,NO_RCA,0,0
7757,0.12329287305449432,0.18478981458291033,0.061496941528416005,0.02973688712484117,0.05038094946608401,0.020644062341242844,NO_RCA,0,0
7758,0.010409323911725036,0.004462041348082498,-0.005947282563642538,0.003150938264899193,0.0018821620186538109,-0.0012687762462453823,NO_RCA,0,0
7761,0.005398637908995457,0.251532867566294,0.24613422965729856,0.001034214341143762,2.2491157663867353e-05,-0.0010117231834798947,NO_RCA,0,0
7762,0.0049478791735992934,0.002946802884431441,-0.0020010762891678525,0.00033279113805647595,1.4868490473203114e-05,-0.00031792264758327286,NO_RCA,0,0
7763,0.008200224891865674,0.003519975364178042,-0.004680249527687632,0.004035684845898495,0.0027222898462325932,-0.0013133949996659016,NO_RCA,0,0
7764,0.0017377172984076438,0.05088690275379467,0.049149185455387025,0.004089187243998849,0.16541911099134943,0.16132992374735058,NO_RCA,0,0
7768,0.0020725729759104032,0.0019494862741849346,-0.00012308670172546865,0.0008315964570263765,0.0006749642921994914,-0.00015663216482688508,NO_RCA,0,0
7781,0.02879419335136474,0.03291467995360153,0.004120486602236795,0.0067314966307258665,0.021767168317321218,0.01503567168659535,NO_RCA,0,0
7782,0.025591866427764093,0.011401549488902795,-0.014190316938861297,0.001971023102099046,0.00023952062360064737,-0.0017315024784983987,NO_RCA,0,0
7783,0.01292882114737523,0.010520683193538943,-0.002408137953836287,0.00471943787792258,0.004137631018995807,-0.0005818068589267733,NO_RCA,0,0
7784,0.013349397721676988,0.001574104482064254,-0.011775293239612733,0.000811486741950519,9.154219390126664e-05,-0.0007199445480492524,NO_RCA,0,0
7788,0.015535129094395778,0.004354972112812434,-0.011180156981583343,0.0226378111494998,0.007966446997512982,-0.014671364151986816,NO_RCA,0,0
7810,0.0027719654346009537,0.0020118052442987936,-0.0007601601903021601,0.01522291069192661,0.010064492136329243,-0.005158418555597368,NO_RCA,0,0
7821,0.0070721249934709495,0.0026206376729304703,-0.004451487320540479,0.013003172196201118,0.005099100985951103,-0.007904071210250014,NO_RCA,0,0
7822,0.24557162670767038,0.039867394750534024,-0.20570423195713636,0.021059388622918857,0.00427986883724036,-0.016779519785678498,NO_RCA,0,0
7831,0.016925389362645205,0.008594635279598603,-0.008330754083046602,0.0020478127110478625,0.0011855538009018641,-0.0008622589101459984,NO_RCA,0,0
7832,0.0031426445195099676,0.005571024778074103,0.0024283802585641358,0.0005949761381251814,0.001221973944352836,0.0006269978062276546,NO_RCA,0,0
7841,0.05233138080730818,0.06693204697905575,0.014600666171747566,0.002111326907523145,0.0013348314521935117,-0.0007764954553296332,NO_RCA,0,0
7842,0.0011961695395417595,0.007688323594487962,0.006492154054946202,6.852117999838591e-05,0.000492950137528894,0.0004244289575305081,NO_RCA,0,0
7849,0.020786838403655545,0.035561923966696114,0.01477508556304057,0.061264259832784544,0.10622391371073903,0.04495965387795448,NO_RCA,0,0
7851,0.08140257366299118,0.31018957951888043,0.22878700585588924,0.016572011255875933,0.08296888208682719,0.06639687083095126,NO_RCA,0,0
7852,0.02681884216854297,0.03126218045653686,0.004443338287993887,0.0022845726062758046,0.0032131985979531098,0.0009286259916773051,NO_RCA,0,0
7853,0.061070640341645464,0.026958462177977743,-0.034112178163667725,0.008841036137669393,0.005232121533580603,-0.0036089146040887907,NO_RCA,0,0
7861,0.052500411154722676,0.012584392034798357,-0.03991601911992432,0.007515929115861312,0.0028589389549829388,-0.004656990160878373,NO_RCA,0,0
7868,0.02370511918341096,0.03784751148293765,0.014142392299526688,0.0017281635240648265,0.003989263347269174,0.0022610998232043475,NO_RCA,0,0
7911,0.0,0.0,0.0,0.0,0.0,0.0,NO_RCA,0,0
7912,0.0,0.0,0.0,0.0,0.0,0.0,NO_RCA,0,0
7913,0.12676321654202494,0.004817303547870852,-0.12194591299415408,0.004127138788845995,0.00023224319226104013,-0.0038948955965849553,NO_RCA,0,0
7914,0.2674592319619299,0.0,-0.2674592319619299,0.004298395615473928,0.0,-0.004298395615473928,NO_RCA,0,0
7915,0.4553901850880597,0.00010254038030202557,-0.4552876447077576,0.007848884372551566,2.5363981283582716e-06,-0.007846347974423209,NO_RCA,0,0
7919,0.01923460163529141,0.0018881399337205799,-0.01734646170157083,0.0016546305557226292,0.00016488363104723874,-0.0014897469246753904,NO_RCA,0,0
7921,0.00030085017426691245,0.014398509944940229,0.014097659770673317,1.6006541252844558e-05,0.0005773145044847176,0.000561307963231873,NO_RCA,0,0
7922,0.39752123640624454,3.5543508375473585,3.156829601141114,0.004050745501079015,0.043937082919663535,0.03988633741858452,GAINED_RCA,0,0
7923,0.0389109049749154,0.20622438562608722,0.16731348065117183,0.009946020426079448,0.012428337812522611,0.0024823173864431634,NO_RCA,0,0
7924,0.055094649208002194,0.03814046591212565,-0.016954183295876543,0.06521440317211136,0.024203074454102594,-0.04101132871800876,NO_RCA,0,0
7928,0.0008238420842168929,0.08983685188570538,0.08901300980148849,1.7027656019470593e-05,0.0011781753147697015,0.001161147658750231,NO_RCA,0,0
7929,0.06801202493547169,0.08089821504600056,0.01288619011052887,0.043812085385309736,0.04300511801394488,-0.0008069673713648542,NO_RCA,0,0
7931,0.03259355798063302,0.0547495825271349,0.022156024546501882,0.02148636955613517,0.02665927153491189,0.00517290197877672,NO_RCA,0,0
7932,0.0008725814912670365,0.00326247401878626,0.0023898925275192234,0.00011109311738392298,0.0004436039925617466,0.0003325108751778236,NO_RCA,0,0
7933,0.32199918406319417,0.04081820344116092,-0.2811809806220332,0.0014400457161993132,0.0002591007937429183,-0.0011809449224563949,NO_RCA,0,0
7938,0.5823052827508757,0.09845262080517914,-0.48385266194569654,0.06881193193812443,0.016095507111014134,-0.052716424827110295,NO_RCA,0,0
8121,0.004936587935789835,0.0033400409296851495,-0.0015965470061046851,0.0004186243434292918,0.00023907202757926502,-0.0001795523158500268,NO_RCA,0,0
8122,0.8788334769090945,0.08585039076742995,-0.7929830861416646,0.034893573666749965,0.005693823330858189,-0.029199750335891776,NO_RCA,0,0
8124,0.03791186701384101,0.04594575224954384,0.008033885235702837,0.005970529517761433,0.012322588730999265,0.006352059213237832,NO_RCA,0,0
8211,0.11699736478101629,0.011302424944129906,-0.10569493983688638,0.055050926608695504,0.006028675132988715,-0.04902225147570679,NO_RCA,0,0
8212,0.8501995807409064,6.029395099543303,5.179195518802397,0.08319713833147142,1.005220437319572,0.9220232989881004,GAINED_RCA,1,1
8219,0.11668628409661412,0.048834893801425604,-0.06785139029518852,0.06976895597948385,0.029792338871791408,-0.039976617107692444,NO_RCA,0,0
8310,0.23983539699590958,0.319223533124088,0.07938813612817844,0.05773885716450344,0.1563679495971305,0.09862909243262705,NO_RCA,0,0
8421,0.43596997447725716,0.8134751473674354,0.37750517289017826,0.03477866302579551,0.07079521179478097,0.03601654876898546,NO_RCA,0,0
8422,6.837322664156123,120.21151831022792,113.3741956460718,0.38561252417990133,4.279384386966195,3.893771862786294,PERSISTENT_RCA,1,1
8423,11.113336787520126,15.094525036127253,3.9811882486071273,3.946294454399903,3.7703533396666007,-0.17594111473330232,PERSISTENT_RCA,1,1
8424,6.463440679193133,21.00974872154692,14.546308042353786,0.4585295722800278,0.9835112332161833,0.5249816609361555,PERSISTENT_RCA,1,0
8429,7.662680043431325,36.53853593477188,28.875855891340553,1.2011249359747778,4.245945392260488,3.04482045628571,PERSISTENT_RCA,1,1
8431,0.64451824244649,1.1011835022766923,0.45666525983020223,0.10415783427958714,0.20208849174445118,0.09793065746486404,GAINED_RCA,0,0
8432,5.713278957912968,20.826488128682392,15.113209170769423,0.2347114815157297,0.31230105282535287,0.07758957130962316,PERSISTENT_RCA,0,0
8433,2.49966623139806,0.3616790657354149,-2.1379871656626452,0.16330844507793613,0.04682249696211318,-0.11648594811582294,LOST_RCA,0,0
8434,1.8686433379285312,2.6078793516645784,0.7392360137360472,0.13895694392740973,0.10064490732946585,-0.03831203659794388,PERSISTENT_RCA,0,0
8435,2.292253179502571,0.7990157764916718,-1.4932374030108995,0.28129289873804836,0.05889682748826016,-0.2223960712497882,LOST_RCA,0,0
8439,3.2339918863753585,4.759514876391099,1.52552299001574,1.4454521089947583,1.650569590569539,0.2051174815747807,PERSISTENT_RCA,1,1
8441,7.673316639529148,1.1518705553635795,-6.521446084165568,1.322212425496253,0.09659791701459523,-1.2256145084816579,PERSISTENT_RCA,0,0
8442,22.48056219213213,53.33415271083808,30.853590518705953,0.6282892701531491,0.500142478977106,-0.1281467911760431,PERSISTENT_RCA,1,0
8443,3.4952214226589615,8.846557439373976,5.351336016715015,0.14510736154890966,0.16266599824314576,0.0175586366942361,PERSISTENT_RCA,0,0
8451,0.6340750475955833,7.771184407896083,7.137109360300499,0.3077073248446245,3.5456312573527096,3.2379239325080853,GAINED_RCA,1,1
8452,3.5475646024129195,5.278746228571207,1.7311816261582877,0.5823444536834571,1.442981690964313,0.8606372372808558,PERSISTENT_RCA,1,1
8459,12.934233401545514,18.645478833137805,5.711245431592291,3.5508854997718218,5.829570251573457,2.278684751801635,PERSISTENT_RCA,1,1
8461,2.9776928076361977,11.144371387671958,8.16667858003576,0.018028592891542943,0.06932461020424378,0.05129601731270084,PERSISTENT_RCA,0,0
8462,14.404950627024808,12.837975726640176,-1.5669749003846327,4.749880836272733,4.242188680957152,-0.5076921553155813,PERSISTENT_RCA,1,1
8463,10.148185083848716,14.691671567646026,4.5434864837973095,1.9528079849771807,2.937821216824394,0.9850132318472133,PERSISTENT_RCA,1,1
8464,10.44378059545874,24.108625410303702,13.664844814844962,0.2898164250567355,0.7083503209844202,0.4185338959276847,PERSISTENT_RCA,1,0
8465,0.1155460922094234,0.31664448591634803,0.20109839370692462,0.011154415682361927,0.024375405158818923,0.013220989476456996,NO_RCA,0,0
8471,0.42250093062471333,0.48390936362849885,0.06140843300378551,0.01954936750228373,0.017295893359526537,-0.0022534741427571933,NO_RCA,0,0
8472,5.8549303953381795,20.31615681593581,14.46122642059763,0.4863718040711431,1.6516858276186897,1.1653140235475465,PERSISTENT_RCA,1,1
8481,35.447817703568,48.63641261705123,13.188594913483229,4.7074071538191165,2.687240940044737,-2.0201662137743797,PERSISTENT_RCA,1,1
8482,0.555438822601194,0.791125299590998,0.23568647698980394,0.03142563621466226,0.06414011885577434,0.032714482641112076,NO_RCA,0,0
8483,0.2513324357392182,0.5233050253940372,0.271972589654819,0.006410115941695475,0.007498988182616487,0.0010888722409210117,NO_RCA,0,0
8484,0.16938222602378683,0.4192719334574764,0.24988970743368955,0.008155692409183042,0.03314385095024162,0.024988158541058576,NO_RCA,0,0
8510,0.810218997432322,0.8176603294859958,0.00744133205367381,0.6234575217474544,0.7843494614885088,0.16089193974105442,NO_RCA,0,0
8710,0.006144510714423762,0.036307431867529424,0.030162921153105662,0.002557625866488338,0.013594096536771148,0.01103647067028281,NO_RCA,0,0
8720,2.9468064636667664,2.116888603033036,-0.8299178606337305,1.602409937723362,2.013052953032682,0.4106430153093201,PERSISTENT_RCA,1,1
8731,0.14298216988240445,0.08718550391362757,-0.05579666596877687,0.004135847342808283,0.004406314069409611,0.0002704667266013273,NO_RCA,0,0
8732,0.010225594446161694,0.002925519085915053,-0.007300075360246641,0.0001898428917117422,6.772077599375392e-05,-0.00012212211571798826,NO_RCA,0,0
8741,0.09724681646724664,0.13621323783384578,0.03896642136659914,0.007766954836302333,0.00837647773421992,0.0006095228979175861,NO_RCA,0,0
8742,0.013546252886693998,0.01465585735438322,0.0011096044676892226,0.0008620199235184698,0.0013173746709022334,0.00045535474738376354,NO_RCA,0,0
8743,0.011741000728069642,0.009292983172962824,-0.0024480175551068184,0.002000953418810338,0.001445095306294929,-0.0005558581125154091,NO_RCA,0,0
8744,0.0093564745962229,0.017568775906759444,0.008212301310536544,0.0006561561032499725,0.0018014055379273926,0.00114524943467742,NO_RCA,0,0
8745,0.6093763099492627,0.09758335258378914,-0.5117929573654736,0.04632350723741132,0.009292273643399844,-0.037031233594011476,NO_RCA,0,0
8748,0.0067460713816267495,0.030184968013304964,0.023438896631678214,0.00456322551048497,0.024983498729551804,0.020420273219066833,NO_RCA,0,0
8749,0.01907871094780675,0.03525507876869088,0.01617636782088413,0.005623927851675877,0.011767455978771976,0.006143528127096099,NO_RCA,0,0
8811,0.0009998869444909173,0.006425618440701167,0.00542573149621025,0.0001283074491227859,0.00011068729213517066,-1.7620156987615233e-05,NO_RCA,0,0
8812,0.0015288127410891606,0.02606481881638024,0.02453600607529108,1.8778029438424573e-05,0.00011650984807812236,9.773181863969778e-05,NO_RCA,0,0
8813,0.016601896571856876,0.025353838030108947,0.008751941458252071,0.0016187962938690355,0.003525855436985387,0.0019070591431163517,NO_RCA,0,0
8821,0.010921529108417706,0.012933344583963446,0.00201181547554574,0.002320980658559875,0.0022242489298951434,-9.673172866473149e-05,NO_RCA,0,0
8822,0.019192790696477283,0.002106418257298824,-0.01708637243917846,0.0043302682230958395,0.00010916592380198047,-0.004221102299293859,NO_RCA,0,0
8830,0.25259320585841477,0.8141795670249415,0.5615863611665268,0.002094214510355304,2.9775707911941163e-05,-0.002064438802443363,NO_RCA,0,0
8841,0.01975923233183158,0.011363319709246285,-0.008395912622585296,0.005021554461703933,0.0035422652704303593,-0.0014792891912735738,NO_RCA,0,0
8842,0.009193082114941574,0.03834091331217445,0.029147831197232875,0.0008341796949717512,0.0046685212831528615,0.0038343415881811104,NO_RCA,0,0
8851,0.0059990194004309995,0.01874823362007161,0.012749214219640613,0.0014230752556045098,0.0050567061870346415,0.0036336309314301315,NO_RCA,0,0
8852,0.03537276131900177,0.021199917266891036,-0.014172844052110736,0.0026475383842190256,0.0008540029061190504,-0.0017935354780999752,NO_RCA,0,0
8921,0.11755149269694526,0.16441549630930152,0.046864003612356264,0.02488572308784959,0.01614101937426179,-0.0087447037135878,NO_RCA,0,0
8922,0.2441915471075997,0.05315495708688898,-0.19103659002071072,0.020194323638505273,0.0007544922129252878,-0.019439831425579986,NO_RCA,0,0
8924,0.061010786686940204,0.05357588638445431,-0.007434900302485892,0.0009858103111442787,0.0005234820722821661,-0.0004623282388621126,NO_RCA,0,0
8928,0.12272340638794614,0.22966561542709626,0.10694220903915012,0.02716717591834976,0.04558241342221506,0.018415237503865298,NO_RCA,0,0
8931,0.1132604544969249,0.1580165470857521,0.04475609258882721,0.040046917046276574,0.06891701492297603,0.028870097876699453,NO_RCA,0,0
8932,0.02550527902804353,0.04311791989575717,0.017612640867713636,0.0005312596482354899,0.0014240956667346096,0.0008928360184991197,NO_RCA,0,0
8933,0.005142275209860557,0.012568125372521404,0.007425850162660847,5.591125568185684e-05,0.0001329574297039597,7.704617402210287e-05,NO_RCA,0,0
8935,0.28181317468937034,0.48731343323995185,0.20550025855058152,0.007210111257790447,0.0204772227461382,0.013267111488347753,NO_RCA,0,0
8939,0.19170231575402627,0.32197738374589857,0.1302750679918723,0.10141381823884894,0.27019583600589064,0.16878201776704171,NO_RCA,0,0
8941,0.01054915433264556,0.0026795441522475725,-0.007869610180397987,0.000148054405000097,4.0731321748408556e-05,-0.00010732308325168844,NO_RCA,0,0
8942,0.018538006933945212,0.01045035522742748,-0.008087651706517733,0.009659270980044902,0.00711251994798801,-0.0025467510320568926,NO_RCA,0,0
8946,0.5269616689709273,0.04239633724510424,-0.4845653317258231,0.005933646654191278,0.0007277972743364884,-0.00520584937985479,NO_RCA,0,0
8947,18.022763554160623,7.630700403361001,-10.392063150799622,3.3526530763745543,1.540679019336922,-1.8119740570376324,PERSISTENT_RCA,1,1
8951,0.10739463295729783,0.023815150085456243,-0.08357948287184158,0.0006733395027827231,9.206017147789469e-05,-0.0005812793313048285,NO_RCA,0,0
8952,0.2195715666959316,0.06991828860287748,-0.14965327809305412,0.029892567028298307,0.009046348637917768,-0.02084621839038054,NO_RCA,0,0
8959,0.007112590260186625,0.035839094640895054,0.02872650438070843,0.00045321846439244705,0.002002249237784142,0.001549030773391695,NO_RCA,0,0
8960,0.10243218085400387,0.09753992914503185,-0.00489225170897202,0.013469517724385413,0.01186453592793506,-0.0016049817964503537,NO_RCA,0,0
8972,0.07421161349262118,0.044903103584260744,-0.029308509908360432,0.003524959049668585,0.002384132190251408,-0.001140826859417177,NO_RCA,0,0
8973,0.7790096905995672,0.07864186624525588,-0.7003678243543112,0.3165960899053196,0.065927065345453,-0.2506690245598666,NO_RCA,0,0
8974,0.07182758249174825,2.954188733228797,2.882361150737049,0.0015191119382214977,0.12495868365996787,0.12343957172174637,GAINED_RCA,0,0
8981,0.17183192398458177,0.18657085525337666,0.014738931268794886,0.0034562841625424587,0.002346168267939172,-0.0011101158946032865,NO_RCA,0,0
8982,0.843064037997853,0.5454724188269044,-0.29759161917094856,0.03140274350941321,0.015215419996862226,-0.016187323512550984,NO_RCA,0,0
8983,0.022712316143711258,0.0014897551259613103,-0.021222561017749948,0.03282577643985789,0.0020335415638912447,-0.03079223487596664,NO_RCA,0,0
8989,0.115678745492052,0.23275940937310183,0.11708066388104983,0.0018719048481653123,0.0023037361078635764,0.0004318312596982641,NO_RCA,0,0
8991,71.83081058738459,3.0230545101240334,-68.80775607726056,0.7756499299426318,0.0289873826881737,-0.7466625472544581,PERSISTENT_RCA,0,0
8993,3.4447147550089317,1.0128809782535173,-2.4318337767554143,0.1624781754827689,0.04961824352868515,-0.11285993195408375,PERSISTENT_RCA,0,0
8994,0.0794215018782563,0.0974163128340455,0.017994810955789198,0.0018499048929433264,0.0026487876685563558,0.0007988827756130294,NO_RCA,0,0
8996,0.021396988121357628,0.03883580142003991,0.01743881329868228,0.004317972585319711,0.01717279640409874,0.01285482381877903,NO_RCA,0,0
8997,0.4733224959159867,0.3274366206582961,-0.1458858752576906,0.03140777669787421,0.030288506710179866,-0.001119269987694342,NO_RCA,0,0
8998,0.07703489442171894,0.05751150674782283,-0.019523387673896116,0.0037331483503484585,0.0029834456893293036,-0.0007497026610191549,NO_RCA,0,0
8999,0.09558682110357743,0.14666254150574254,0.05107572040216511,0.0030786639748895095,0.007902389861362658,0.0048237258864731476,NO_RCA,0,0
