year,sitc2,pakistan_exports_current_usd,world_exports_current_usd,pakistan_world_market_share_pct
2000,51,28689024,125230152567,0.022909038607655568
2000,52,1861647,39957224798,0.004659099848428868
2000,53,1379080,34824516707,0.00396008367209528
2000,54,38055174,83366840095,0.045647854658560326
2000,55,6150772,41437649110,0.014843438592938074
2000,56,18930293,13528687820,0.13992704430665176
2000,57,50109,1276882664,0.003924322994802598
2000,58,40843515,133937827331,0.030494383710632837
2000,59,11132214,46471582581,0.023954884645033432
2000,61,208606733,20495378710,1.0178232661698399
2000,62,1283174,36574832944,0.003508352319652908
2000,63,3268058,27062793807,0.012075833793459608
2000,64,3155966,95019991711,0.0033213705275819856
2000,65,4228774356,156769269406,2.697451083380601
2000,66,21870116,127147987937,0.017200520712003974
2000,67,9746381,140351663402,0.00694425756257985
2000,69,37134981,127463250767,0.02913387252917464
2000,71,14061668,153989816385,0.009131557092608971
2000,72,35335469,143860594230,0.02456229879289023
2000,73,1943071,42231032793,0.004601050155519932
2000,74,15022368,223801635325,0.006712358458947289
2000,75,2215040,403838612365,0.0005484963379375889
2000,76,5657934,227194098804,0.0024903525354684018
2000,77,18226595,530889862613,0.0034332158670896573
2000,78,10184785,538809129114,0.0018902398733940393
2000,79,13186464,149731928002,0.008806714891044391
2000,81,996307,13365779447,0.007454163103249657
2000,82,10076739,55437080872,0.018176893230122313
2000,83,3247745,11806210029,0.027508785563042266
2000,84,2024462377,186842634650,1.0835120050583167
2000,85,37549959,36480326377,0.10293208073838502
2000,87,122483006,118622309063,0.10325461286961594
2000,88,1286710,67551566517,0.00190478188196596
2000,89,368046028,244315192513,0.15064393835451567
2001,51,67794222,121287448134,0.05589549705514459
2001,52,2299369,40280268484,0.005708425208023
2001,53,2581042,33833498923,0.0076286582297446295
2001,54,36287788,101721544557,0.03567365021641607
2001,55,8885956,44877501437,0.019800469534771884
2001,56,119833,13353598715,0.0008973835634688682
2001,57,247803,1216893196,0.020363578399036426
2001,58,30066591,131578920339,0.02285061385405536
2001,59,15507879,47446375065,0.03268506599029896
2001,61,244928542,21266354723,1.1517185017849099
2001,62,3348286,35471774673,0.009439296541733533
2001,63,3098367,25988351215,0.011922137631461896
2001,64,4720616,93053393819,0.005073018625394968
2001,65,4260787379,149255749176,2.8546889500221178
2001,66,19547785,120258286365,0.016254834149781457
2001,67,12822157,129991452274,0.00986384625734703
2001,69,39517812,125114095218,0.0315854196372869
2001,71,16140857,160155848914,0.010078218878329737
2001,72,43342643,139622025274,0.03104284078027275
2001,73,1641052,40249235867,0.004077225230865773
2001,74,15234989,218913567248,0.0069593626340850685
2001,75,2929687,360554962157,0.0008125493496118623
2001,76,8810415,216386928930,0.004071602219027805
2001,77,23172398,456035878648,0.005081266427698347
2001,78,12921438,533826379434,0.002420531936563384
2001,79,19636881,161924954887,0.012127149279555879
2001,81,2545355,13153257973,0.019351517359614705
2001,82,12321297,54773504429,0.022494994849145442
2001,83,3935149,11740255643,0.03351842685253868
2001,84,2055265792,181091217068,1.134933999161453
2001,85,41299924,37052225830,0.11146408366797973
2001,87,124263760,114609218273,0.1084238788750856
2001,88,1699789,63538367356,0.0026752166773128254
2001,89,362176633,231284837732,0.1565933316474771
2002,51,63558581,132319511023,0.048034171611284246
2002,52,3317247,41947320124,0.007908126169190125
2002,53,2991302,36777347738,0.008133544651751092
2002,54,35392252,123712890356,0.028608378559545553
2002,55,11322912,50368716542,0.022480048683707038
2002,56,12920212,13711602660,0.09422831393511223
2002,57,1418875,1355761770,0.10465518584433901
2002,58,60052576,143780787178,0.04176675978665715
2002,59,10963067,51499572863,0.021287685296272514
2002,61,303449267,20752715437,1.4622147541182997
2002,62,2172692,38256322050,0.005679301834505547
2002,63,5482365,27680568739,0.0198058249875326
2002,64,5362826,97406405701,0.005505619431705346
2002,65,4573471104,155063971156,2.9494092469738966
2002,66,29826002,131812167030,0.02262765469382785
2002,67,15222826,142332029140,0.010695291911440813
2002,69,49844205,132462007336,0.037629057570874924
2002,71,18667958,164253070525,0.011365363180324023
2002,72,36203609,145931169204,0.024808688368274687
2002,73,5534823,38471124113,0.01438695418346171
2002,74,18796087,229157655890,0.008202251383223468
2002,75,4231853,343852825919,0.0012307163649708903
2002,76,8976361,239683868346,0.003745083497668692
2002,77,29502297,470702303131,0.006267718854094769
2002,78,11961116,591765544222,0.002021259283645079
2002,79,15725022,163357296575,0.009626152201153981
2002,81,6255049,14389462039,0.043469651492507755
2002,82,26428690,59310736947,0.0445597059831117
2002,83,6270168,11699475394,0.05359358252264555
2002,84,2184994881,192668295531,1.1340708002726054
2002,85,66238314,38542840645,0.17185633671915881
2002,87,139840964,119228519637,0.11728818274835257
2002,88,1731252,64124420730,0.0026998325759378756
2002,89,425000069,253909431327,0.1673825453347021
2003,51,65065816,159682206912,0.040747067101757566
2003,52,6398402,48279126868,0.013252936444964872
2003,53,5632049,41832881527,0.013463210743359702
2003,54,26232461,150226566176,0.01746193211210526
2003,55,13474951,61087257876,0.022058529828516082
2003,56,5052226,16883956257,0.029923235544426226
2003,57,1905125,1656153187,0.11503313914161492
2003,58,137179289,170280041042,0.08056099127094078
2003,59,16879702,59471308318,0.028382933682478063
2003,61,244201561,22135896149,1.103192567205064
2003,62,5044165,45224591577,0.011153588842061152
2003,63,9035680,32354421956,0.027927187239778113
2003,64,6660054,110008621659,0.006054120031286774
2003,65,5412104053,173572722843,3.118061389113171
2003,66,52108514,147574117512,0.03531006309135665
2003,67,27511418,177669819758,0.015484575848319467
2003,69,68405475,152076445363,0.0449809796886816
2003,71,11361068,181746869972,0.006251039152283773
2003,72,42720352,169781995495,0.025161885908719983
2003,73,2658699,44520270022,0.005971884264597195
2003,74,149321654,269842185748,0.055336660421009334
2003,75,3526306,382066927243,0.0009229550501651296
2003,76,4852163,275354260294,0.0017621528698409353
2003,77,28478009,546950630639,0.005206687295840444
2003,78,17915340,685414813694,0.0026137952728868524
2003,79,22422667,176070830602,0.012735026536386035
2003,81,7957387,17476853963,0.04553100355960215
2003,82,32980311,69397431558,0.04752382078065264
2003,83,5132849,13202234821,0.03887863736399754
2003,84,2567694393,220682150905,1.1635260860337318
2003,85,78574739,43376722272,0.18114494338065876
2003,87,138593482,145130740610,0.0954956072142103
2003,88,3775451,71240663346,0.005299573056561078
2003,89,294488867,291633296864,0.1009791646450205
2004,51,42713977,200258782850,0.02132939009820812
2004,52,6777343,58427167684,0.011599643228737138
2004,53,7244207,47823233337,0.015147882095197617
2004,54,30259222,182528850183,0.016577774948816407
2004,55,14377716,71079422179,0.020227677095900495
2004,56,9783037,21146704403,0.046262702752926925
2004,57,1360436,1941503550,0.07007125997786612
2004,58,130741403,212839430711,0.06142724708633747
2004,59,19085383,70245514114,0.02716953992112112
2004,61,244676746,24619138725,0.9938477082122215
2004,62,5201323,54466745067,0.00954953888579501
2004,63,11432605,40090110506,0.028517269859580363
2004,64,8600144,124067954814,0.006931801215626671
2004,65,5595261194,194748531160,2.873069779100459
2004,66,64308770,177871576026,0.036154607406525596
2004,67,34467563,262662804502,0.013122361601730918
2004,69,76033927,185870837166,0.04090686207653684
2004,71,16688374,201269268071,0.008291565900718131
2004,72,50178434,207548701948,0.024176703361205257
2004,73,3265271,55351013580,0.005899207239051972
2004,74,114535703,332587976809,0.03443771602897601
2004,75,2731002,444450046668,0.0006144677046327397
2004,76,12483079,352874035090,0.0035375453444219007
2004,77,34629988,655727854896,0.005281152499689433
2004,78,28349745,801416440573,0.0035374548817254593
2004,79,327082277,175941374738,0.18590412714864188
2004,81,9684975,20424447486,0.04741854097467555
2004,82,45424416,81181312741,0.055954276256805026
2004,83,5772359,16026495213,0.03601760037539407
2004,84,2609112191,247448985380,1.0544040772659724
2004,85,81289308,49029359627,0.16579720522238833
2004,87,130292021,184008285685,0.07080769244437407
2004,88,2968884,81492190048,0.003643151568575206
2004,89,335754617,336472050179,0.09978677777883235
2005,51,134732846,224586882264,0.05999141385364736
2005,52,15932281,68058969690,0.02340952422960489
2005,53,61046658,51330254259,0.11892919464605296
2005,54,52821392,201358499094,0.026232511782550302
2005,55,10674996,76435561929,0.01396600709224309
2005,56,8312443,25718570341,0.03232078179224636
2005,57,728797,2015265037,0.036163828906837725
2005,58,175472407,246574293948,0.07116411211827513
2005,59,36935895,77408717047,0.04771542070329593
2005,61,335247004,24380183027,1.3750799312241766
2005,62,5001632,61830750664,0.00808923059527421
2005,63,11798095,42446901174,0.027794950099270587
2005,64,7106259,129743627179,0.005477154565900869
2005,65,6414464629,202855383872,3.1620874470097733
2005,66,149051708,199856469019,0.07457937625518136
2005,67,65377670,305509305662,0.021399567472530783
2005,69,109527563,210177116467,0.052112030482251374
2005,71,13117270,225411305469,0.005819260028997956
2005,72,58183919,232629849520,0.02501137283975147
2005,73,2446510,62703328499,0.0039017226972871424
2005,74,104376090,364484713229,0.028636616629357004
2005,75,5225347,468228143727,0.0011159831099445048
2005,76,64661569,407961913239,0.015849903361473534
2005,77,42760073,678741579976,0.00629990474452913
2005,78,33339532,869384527529,0.0038348430348489142
2005,79,43671965,194250335616,0.02248231122047175
2005,81,11760426,22753257670,0.05168677896838497
2005,82,37713636,88813105698,0.04246404368319402
2005,83,6201626,17729607941,0.03497892350827816
2005,84,3216349732,264282898087,1.2170101642147124
2005,85,140224629,54193233645,0.25874933007054
2005,87,181444478,206654796546,0.08780075809157986
2005,88,7664649,82984147734,0.009236280915444848
2005,89,360969131,352370595828,0.10244019656401669
2006,51,127711067,248352221296,0.05142336409698822
2006,52,15004442,77905436881,0.01925981369300217
2006,53,23985274,57024612953,0.04206126575513769
2006,54,54761954,232562599457,0.023547188639902218
2006,55,11280374,84988842334,0.013272770507531973
2006,56,2368660,26781656751,0.008844337084977227
2006,57,88246,2440962234,0.0036152136551244976
2006,58,149439724,280687200749,0.053240662061265154
2006,59,43264021,88949130705,0.04863905994032165
2006,61,346713614,26596290007,1.3036164589450139
2006,62,6882453,70229805328,0.009799903285871742
2006,63,10622172,47182679457,0.022512863029918704
2006,64,14209792,138682122912,0.010246304066903236
2006,65,6842256571,217062065880,3.152212038183887
2006,66,173962580,213239003909,0.08158103199273935
2006,67,51792942,360126721830,0.014381865843448622
2006,69,100037275,247263268322,0.04045779855571831
2006,71,27110564,271938149840,0.00996938605927525
2006,72,54509357,265610983518,0.020522252610952738
2006,73,4525741,72247379440,0.006264228592205945
2006,74,94992040,422780578745,0.022468401997551176
2006,75,6503686,516498174741,0.0012591885737565866
2006,76,88364630,482905123613,0.01829854886170464
2006,77,39407996,783148422227,0.00503199583649003
2006,78,90213034,959986681510,0.009397321414720092
2006,79,18827955,270027505520,0.0069726063512464955
2006,81,9698832,26364406056,0.03678759908112075
2006,82,61332952,99311309362,0.06175827546129217
2006,83,5579804,20505003879,0.02721191389636606
2006,84,3471060538,296698527846,1.1698947626061824
2006,85,124918265,60749833145,0.2056273384353836
2006,87,196320037,239935258487,0.08182208744057384
2006,88,7218545,90591058301,0.007968275385430969
2006,89,368355013,390205764032,0.09440019778123829
2007,51,137610520,293807661167,0.046836940688821015
2007,52,18588717,96093333784,0.0193444396900455
2007,53,15324639,64307423927,0.023830279716065293
2007,54,69139711,277084407190,0.024952580948588023
2007,55,13993948,99711826816,0.014034391352415274
2007,56,702404,38269907228,0.0018353950946766063
2007,57,395045,2701536322,0.014622975703970564
2007,58,146783815,330007471422,0.04447893690634019
2007,59,56071932,106422090569,0.05268824517560582
2007,61,383142630,28995673260,1.3213786297162875
2007,62,6443068,85283078010,0.007554919628070305
2007,63,8862056,52757878454,0.01679759736306852
2007,64,14914708,158101921798,0.009433603229096657
2007,65,7043833060,240406520014,2.929967564768961
2007,66,296802260,246436827286,0.12043746191211466
2007,67,68740602,462499475880,0.014862849707928191
2007,69,122057174,299923962595,0.04069603940410022
2007,71,49152804,316782671202,0.015516254034191527
2007,72,56968381,324171961495,0.01757350658498535
2007,73,3302695,84667484264,0.0039007831975991307
2007,74,75419810,514280175844,0.014665120987062427
2007,75,7284690,584264646917,0.0012468134155368218
2007,76,65652992,483805070795,0.013570133089369534
2007,77,56174648,924874167914,0.0060737611611208315
2007,78,42721477,1133331675195,0.0037695476033218064
2007,79,423321820,310331494101,0.13640955818110628
2007,81,7455054,30558247579,0.024396209176350818
2007,82,33106377,119356382325,0.027737416596502897
2007,83,11684668,25579510895,0.04567979445722706
2007,84,3637013303,342335037096,1.0624133988307143
2007,85,102946308,70783903966,0.1454374543249956
2007,87,229176332,276027042007,0.08302676807810307
2007,88,3395484,102565299223,0.0033105582743121094
2007,89,430513082,458940591639,0.09380584107030547
2008,51,209280782,314629575945,0.06651656360385652
2008,52,20007753,123902646498,0.016147962586354408
2008,53,21554028,67809788497,0.03178601272433342
2008,54,77112274,310270161302,0.02485326777038773
2008,55,28384176,113378971935,0.025034779832253735
2008,56,1389916,75853628655,0.0018323658665317939
2008,57,597697,3013408077,0.019834585450339587
2008,58,249213569,345323253682,0.0721681978675826
2008,59,80707494,125839542840,0.06413524094140773
2008,61,402450564,28257586433,1.4242212970107277
2008,62,5135861,93934061875,0.005467517210992532
2008,63,12925171,51818677068,0.0249430740638915
2008,64,36133859,169089996331,0.021369601859394814
2008,65,7006762288,250657562866,2.7953524353644865
2008,66,630408913,270657498318,0.23291758658735626
2008,67,104682672,565935145043,0.018497291238565184
2008,69,153510435,339958567728,0.04515563058932032
2008,71,58995080,354539303570,0.01663992663322645
2008,72,125522455,362464694785,0.034630256906663714
2008,73,7806927,94749800151,0.008239518170548464
2008,74,120202336,585137123275,0.020542592704976586
2008,75,10520804,590042110764,0.0017830598542157307
2008,76,72700845,503776663914,0.014431165674718669
2008,77,63473552,967253047775,0.0065622488495652755
2008,78,87469361,1175278464459,0.007442437145333347
2008,79,30557684,367315715471,0.008319187748560289
2008,81,12707781,33894856308,0.037491768321793
2008,82,55482610,127401469901,0.04354942689681205
2008,83,11373704,29971710015,0.03794813173591957
2008,84,3861144861,361061519329,1.0693869754316623
2008,85,123465621,78435016959,0.15741135246332472
2008,87,269240559,304127282757,0.08852890689689463
2008,88,6278443,110489724991,0.005682377253189303
2008,89,684283958,493377723356,0.13869372807216315
2009,51,174820604,256589139480,0.06813250332975472
2009,52,30744282,90065592009,0.034135435424582354
2009,53,21341898,56896776969,0.03750985404960294
2009,54,108723030,318299411131,0.03415747129838506
2009,55,33324674,103460182139,0.03221014433864798
2009,56,1654085,42717683517,0.0038721317820095223
2009,57,16523,2893215079,0.0005710947699647323
2009,58,240538432,287723125999,0.08360065989302368
2009,59,45485899,107387253251,0.042356888385704596
2009,61,292775413,21179272000,1.3823676895032087
2009,62,5018187,78820817949,0.006366575646610206
2009,63,15442762,39458958788,0.03913626328299456
2009,64,32306725,142530966901,0.02266646028048052
2009,65,6417652918,210053741401,3.0552433273485353
2009,66,597512043,216702541972,0.27572913430669593
2009,67,82489338,312766033273,0.02637413568755358
2009,69,176060797,258400059375,0.06813496770312033
2009,71,72129915,273540931765,0.02636896589281456
2009,72,114348215,244952433101,0.046681804116986005
2009,73,11314127,66992832761,0.01688856334880429
2009,74,108421546,448880423145,0.02415377022690451
2009,75,9818025,496857441456,0.0019760245456380975
2009,76,24824905,424558823627,0.005847223898898435
2009,77,68480841,802798407183,0.008530266177320604
2009,78,43443165,791977372409,0.005485404825122288
2009,79,28077113,311425495110,0.009015675800750597
2009,81,9245985,27595064955,0.0335059367139656
2009,82,80567837,104836097509,0.0768512362767828
2009,83,12427113,26504398870,0.04688698302856472
2009,84,3373156488,316547319555,1.0656089246757672
2009,85,109925437,70589098710,0.15572579762153477
2009,87,248548707,263123671623,0.09446079308140591
2009,88,3784519,92181164999,0.004105523075175992
2009,89,773859111,439914120789,0.17591140507425834
2010,51,192539004,305836676170,0.06295484453047638
2010,52,36635302,110098002557,0.033275174071421644
2010,53,28569706,67815456261,0.04212860544658778
2010,54,83547493,303451215710,0.02753242981891496
2010,55,23114666,115012775591,0.020097476894391873
2010,56,1489810,56013498421,0.0026597338891467203
2010,57,7097831,3421913822,0.20742284491114227
2010,58,333920282,350461494189,0.09528016273876881
2010,59,70744758,122773370556,0.05762223329018368
2010,61,449388233,27816200775,1.615562947057424
2010,62,6170694,96742471776,0.0063784746107043684
2010,63,11909716,44405742125,0.026820216102851586
2010,64,51460256,158166513887,0.03253549359807292
2010,65,7675433215,252483917157,3.039969159788997
2010,66,502739717,271560023951,0.18513023739116838
2010,67,100084196,408800761765,0.024482389799834477
2010,69,198359550,297114695261,0.06676194518946675
2010,71,124867290,315613011179,0.03956341645534426
2010,72,111612561,293961254136,0.037968459934642575
2010,73,5802209,80796555295,0.007181257887561282
2010,74,102122224,523342972831,0.019513441338014817
2010,75,15495701,591889116398,0.002618007422454501
2010,76,28031627,489869279366,0.005722266772123202
2010,77,72646889,1020669392181,0.007117572992442316
2010,78,57288312,1027777150375,0.0055740013269508365
2010,79,88979009,353522226096,0.02516928284329073
2010,81,7048336,30687904352,0.022967798384514463
2010,82,95879497,119484116026,0.08024455483198822
2010,83,12501188,32808105061,0.03810396234941513
2010,84,3767282494,346474610910,1.0873184860805245
2010,85,84983011,79537279418,0.1068467662231449
2010,87,243007407,324242098184,0.07494628500155426
2010,88,3699348,112426694998,0.0032904533928225935
2010,89,916759397,500144817078,0.18329878980971764
2011,51,335559173,379094911670,0.08851587364277323
2011,52,46999699,137952393426,0.034069506032319355
2011,53,36209302,78603165427,0.04606595905304622
2011,54,99188941,335232271068,0.029588124282903566
2011,55,25798082,132732709350,0.019436114975980485
2011,56,1458117,78450432263,0.0018586475025551895
2011,57,6356956,3762371537,0.1689614100437524
2011,58,433043155,412897362690,0.10487912835740859
2011,59,82534411,143640865723,0.05745886491603376
2011,61,490875528,31056243881,1.5806017298193433
2011,62,8580307,123528608037,0.006946008002802054
2011,63,18033811,51384180734,0.0350960368393445
2011,64,57257186,178482967878,0.03207991590499408
2011,65,8737236782,294659715763,2.965195550866381
2011,66,503840581,325407137154,0.1548339060435407
2011,67,149147869,503601289682,0.029616260334476053
2011,69,211725729,355321866003,0.05958702496463091
2011,71,89929739,371243553994,0.024223919319944186
2011,72,94222640,366373619298,0.02571763768923587
2011,73,13419713,100860171167,0.013305264947230961
2011,74,113937882,626761769070,0.018178818112831452
2011,75,11898859,619730773552,0.0019200045419402749
2011,76,42422281,529654332503,0.008009427733654895
2011,77,81989520,1119673832950,0.007322625356348871
2011,78,56745943,1215097187210,0.004670074426745656
2011,79,22741299,390204833481,0.005828041338474944
2011,81,7620863,36222173684,0.021039220524101995
2011,82,95963323,135424519781,0.07086111374453152
2011,83,15052417,42959736992,0.035038429129124034
2011,84,4396750330,407224324872,1.0796875484739277
2011,85,104381806,94327787631,0.11065859660392993
2011,87,294810407,368366881197,0.08003173522060944
2011,88,5824057,131407695328,0.004432051704021496
2011,89,833221652,578313250460,0.14407791129413713
2012,51,258040218,372920788791,0.06919437740024095
2012,52,43159495,126296377024,0.03417318534149118
2012,53,42229306,75916057324,0.055626316076677604
2012,54,107402446,337442074842,0.03182840967602777
2012,55,37857132,134756424242,0.028093007226145245
2012,56,1461563,74712381962,0.001956252714233333
2012,57,140554,3967157726,0.003542939547848973
2012,58,481858272,400750789145,0.12023888287981727
2012,59,70152318,140603695192,0.04989365173099056
2012,61,460143096,30328154032,1.5172143201148722
2012,62,10045185,127196425754,0.007897379930649588
2012,63,17583594,51447583961,0.034177686581607594
2012,64,68241370,167905749091,0.04064266433367637
2012,65,8839286862,285800808002,3.0928138110575754
2012,66,599898919,316197924013,0.18972259886669468
2012,67,186281200,462814570126,0.040249640357970025
2012,69,222272487,358390877763,0.062019571588255204
2012,71,52551105,370317068832,0.014190840612815666
2012,72,82662081,361042062841,0.022895415661416636
2012,73,6945148,100412073663,0.006916646322143588
2012,74,119422933,621722137107,0.019208409331489994
2012,75,10826951,622190060658,0.0017401356409567049
2012,76,48890655,541518427535,0.009028437909777327
2012,77,88358706,1114120809490,0.007930801152565052
2012,78,47688328,1231746932873,0.0038716011160481564
2012,79,14895868,389639087516,0.0038229911929429615
2012,81,9069035,38917705015,0.023303108434848698
2012,82,92140315,143778814533,0.06408476471257317
2012,83,25679483,45013799026,0.05704802428510313
2012,84,4169369462,403280793652,1.0338626405297748
2012,85,96338922,97179505999,0.0991350192714412
2012,87,309035982,379007031452,0.08153832418782933
2012,88,4789854,134179989332,0.003569723044282348
2012,89,2013644056,620320837041,0.3246133187473289
2013,51,339586287,376745563279,0.09013677136484774
2013,52,39606735,123239121105,0.03213811867925849
2013,53,43802475,77116092216,0.05680069326815797
2013,54,116657478,348392286584,0.03348451802530737
2013,55,59001623,142817501645,0.04131259987074955
2013,56,1980061,68028753022,0.0029106236878392623
2013,57,601596,4062458268,0.014808669045015776
2013,58,381766340,419203580788,0.0910694367835248
2013,59,108062548,148640148386,0.0727007804912674
2013,61,508153362,33280682915,1.5268717991690284
2013,62,10251385,128065401511,0.00800480448196578
2013,63,18701739,55380066071,0.03376980261457876
2013,64,93146941,173562745818,0.053667588952340625
2013,65,9290785729,306161892258,3.0345990026644905
2013,66,571073253,344308834669,0.16586076089188914
2013,67,136506597,439084925815,0.031088882577015278
2013,69,200411912,374407751830,0.05352771437568876
2013,71,27527081,378158813678,0.007279238247092436
2013,72,90403121,353479494814,0.025575209404316332
2013,73,5636299,94966030316,0.005935068551612807
2013,74,121407263,644053035257,0.018850507078435583
2013,75,8263612,609770550702,0.0013552002454835666
2013,76,48536666,555894960258,0.008731265701252865
2013,77,103953893,1183269171264,0.00878531238069472
2013,78,41513754,1273527075756,0.0032597464781309276
2013,79,19431294,382001707106,0.005086703446225201
2013,81,8447847,44636997174,0.018925661524831855
2013,82,100272014,151697834950,0.0660998319673118
2013,83,30300440,49064808211,0.06175595320722531
2013,84,4421529748,439468466030,1.0061085356004058
2013,85,101961194,106206193516,0.09600305841357501
2013,87,337229199,381845404150,0.08831563646829348
2013,88,4290152,136031050407,0.0031538034788116537
2013,89,782069115,638166632087,0.12254935869059698
2014,51,325347828,367022163392,0.0886452809806231
2014,52,35118091,122995729406,0.028552284839157078
2014,53,42990541,79103511289,0.05434719685569532
2014,54,134979461,367834209376,0.03669573344713679
2014,55,50021292,147775347952,0.03384955115534411
2014,56,2042807,67013214810,0.003048364424527151
2014,57,637823,4172583374,0.015286045665962528
2014,58,311644347,433278437346,0.07192703816717573
2014,59,112628527,155166516680,0.07258558702601663
2014,61,514425936,34117112268,1.5078237922337396
2014,62,10758538,127166270569,0.008460213507765373
2014,63,15306882,58325676934,0.02624381371059082
2014,64,103659807,177224880745,0.058490549726565144
2014,65,8603955544,312539584082,2.752917064656555
2014,66,583277046,345415276477,0.16886255059389024
2014,67,159475163,454945459062,0.035053688266018436
2014,69,211127647,390542344566,0.05406011663975155
2014,71,93507551,387460913129,0.02413341522500049
2014,72,76414182,355754078893,0.021479495677963277
2014,73,7053265,98888279245,0.00713255914032565
2014,74,125904128,670299868338,0.01878325417431122
2014,75,13445933,624057035748,0.0021546000172698305
2014,76,31931082,574061003411,0.00556231512161067
2014,77,110875900,1210355915698,0.009160602973222054
2014,78,41446918,1315833986711,0.003149859208576826
2014,79,29690336,407911605608,0.007278620071558392
2014,81,5953153,51066182117,0.01165772092842278
2014,82,86880099,157401262306,0.055196570680035896
2014,83,21327546,50129932175,0.04254453392345927
2014,84,4404945398,461108354585,0.955295074183697
2014,85,124383406,116823193981,0.10647149916157025
2014,87,329910150,390422746450,0.08450075027640593
2014,88,7063545,140377084026,0.00503183624949192
2014,89,510326074,670856037038,0.07607087747964815
2015,51,266945101,300218818585,0.08891684480612286
2015,52,30643173,111564350869,0.027466814229916085
2015,53,35044776,70699890898,0.049568359377753106
2015,54,142007412,353045890996,0.04022349944347857
2015,55,40027205,138557153947,0.02888858774864194
2015,56,973560,64666213621,0.0015055157020726533
2015,57,4562529,3912878033,0.11660289335678356
2015,58,231030042,383965760039,0.06016943853965883
2015,59,103753030,142881944998,0.0726145140321629
2015,61,385685037,30503141382,1.2644108754896763
2015,62,12606030,114742816136,0.010986334852596423
2015,63,12902252,54301996659,0.023760179724186224
2015,64,89979980,159705902140,0.05634104863646337
2015,65,7570135223,289558337484,2.614373078937262
2015,66,384354799,319196961806,0.12041305055829489
2015,67,104367129,368509411792,0.028321428343574727
2015,69,174226933,363343133678,0.047951073476016876
2015,71,49945098,353185677398,0.0141413146671057
2015,72,60945313,311115300118,0.01958930112947985
2015,73,6262633,89447231589,0.007001483320105531
2015,74,117565417,612616872645,0.019190691972358873
2015,75,15451753,572810805402,0.0026975316900937165
2015,76,32496381,572266980777,0.005678535035496506
2015,77,74099272,1152721099536,0.006428204708825653
2015,78,30486213,1248032497410,0.0024427419208447707
2015,79,31455722,411166462025,0.0076503618133347195
2015,81,5051445,51881688705,0.009736469891569231
2015,82,84416850,151726523847,0.05563750348958458
2015,83,30622785,49749073284,0.0615544832869253
2015,84,4460098717,433779193573,1.028195631114201
2015,85,109844105,110977113618,0.09897906101441782
2015,87,337313237,365111892517,0.09238626402296506
2015,88,11419324,132707657478,0.008604871954651955
2015,89,394461549,614377361505,0.06420509180769834
2016,51,228643060,300590431066,0.07606465022494256
2016,52,29321235,105817954293,0.027709130455132642
2016,53,33513165,71040905765,0.047174461866885516
2016,54,158287324,372941719542,0.04244291150756438
2016,55,40241520,143349216296,0.028072368332245214
2016,56,1340957,53881242973,0.0024887269224133455
2016,57,3001463,3712084379,0.08085654024945858
2016,58,218227939,378267979026,0.05769135932729856
2016,59,87952510,141383205850,0.06220859788206592
2016,61,318021494,28300181699,1.12374364724039
2016,62,15963091,110428313507,0.014455614228852737
2016,63,8980698,55099516826,0.016299050368010208
2016,64,120711223,155911303035,0.07742300952542354
2016,65,7294593087,283219332557,2.5755985727181634
2016,66,337578934,308287373261,0.10950138191816289
2016,67,105820212,335282434621,0.031561513838211694
2016,69,176590572,351454393716,0.05024565780295741
2016,71,68165917,357922747910,0.019044868591906423
2016,72,54864848,301173952026,0.01821699640055976
2016,73,4618646,86718096391,0.005326046341210212
2016,74,95938783,606050428811,0.01583016502244222
2016,75,21271037,546734920330,0.003890557600959741
2016,76,39128896,551560385471,0.00709421797335685
2016,77,64987019,1151050760807,0.005645886455471146
2016,78,27511376,1273150208851,0.0021608900354993165
2016,79,14873839,393605966130,0.0037788652306879607
2016,81,3923128,47365399875,0.008282687384363606
2016,82,71278857,151348444227,0.04709586369655204
2016,83,29460372,48180821870,0.06114543267752688
2016,84,4613349986,421974366696,1.093277305472814
2016,85,104500625,107514402760,0.09719686136681842
2016,87,336289844,359420699830,0.09356440632358111
2016,88,10945248,128386333219,0.008525243867919894
2016,89,385995913,608216118202,0.06346361128032511
2017,51,274435996,338767036763,0.08101024191205305
2017,52,33428581,115277342423,0.028998396647050367
2017,53,38841395,78152599708,0.04969942797184269
2017,54,147233891,401059746342,0.03671121132023249
2017,55,48211681,157885997192,0.03053575482148132
2017,56,55987763,56605897116,0.09890800402874407
2017,57,4043063,3914864214,0.10327466749782908
2017,58,231927555,413815044113,0.05604618737270166
2017,59,107451982,152730418270,0.07035401540644258
2017,61,303775079,28865029773,1.0523982874396602
2017,62,24458951,117527025196,0.02081134186729373
2017,63,7744041,56783381734,0.0136378650998222
2017,64,126728511,164182060060,0.07718779442387758
2017,65,7418845089,296232273792,2.5044013584452163
2017,66,252939441,315819333995,0.08008991653563695
2017,67,105484514,398464855507,0.02647272715326005
2017,69,198437260,381285633433,0.05204425307434765
2017,71,53704125,380274626084,0.014122458170042913
2017,72,58280787,340749096721,0.01710372457647904
2017,73,4556961,100984751531,0.004512523852277953
2017,74,91305592,657114881367,0.01389492074963459
2017,75,7780213,610027821723,0.001275386584504472
2017,76,33449067,597787305778,0.005595479642456972
2017,77,67952183,1258485921887,0.0053995187246998425
2017,78,28738732,1362659974267,0.0021090171093826318
2017,79,41853445,393432094794,0.010638035268046537
2017,81,8085697,48753761699,0.016584765397017247
2017,82,79001657,159127825960,0.04964666394666804
2017,83,32167004,52334531439,0.06146420559338181
2017,84,5033790981,441551260460,1.1400241448197632
2017,85,100265014,114361655715,0.08767362921875654
2017,87,385780083,394916207943,0.09768656622360795
2017,88,10328606,134669500823,0.0076695955185689625
2017,89,449710800,653943797865,0.06876902900038487
2018,51,367551026,398930364115,0.0921341314330352
2018,52,36650798,132692006008,0.02762095404435315
2018,53,47874531,82112950314,0.05830326497455973
2018,54,142886062,440885313275,0.03240889585062579
2018,55,41489252,175055851704,0.023700579898439336
2018,56,9433922,62965056824,0.014982789623091597
2018,57,7511,4189136708,0.00017929708490191387
2018,58,290656039,458196197936,0.06343484304524899
2018,59,143062488,168741034801,0.0847822749035033
2018,61,275396766,28629158864,0.961945013153356
2018,62,26921089,123836543634,0.021739212198594236
2018,63,7674999,62094796042,0.012360132393073237
2018,64,113576109,178805128669,0.06351949177601585
2018,65,7807742682,313007611202,2.494425823070884
2018,66,317581235,336403142045,0.09440495503978312
2018,67,263411095,450046954407,0.05852969171785222
2018,69,179861259,414952069065,0.043345068601604135
2018,71,81540019,415878592807,0.01960668820427622
2018,72,75513682,376455821079,0.02005910860497846
2018,73,3519132,111365998517,0.0031599698712913753
2018,74,115148102,717782520254,0.01604219923874056
2018,75,5791020,672265319082,0.0008614188231378387
2018,76,30183887,630154589616,0.0047899178229255275
2018,77,79705722,1384532577034,0.005756868658933885
2018,78,32657233,1448190107826,0.002255037706964075
2018,79,39197489,379777322557,0.010321176824378957
2018,81,6160477,52049988078,0.011835693392990137
2018,82,92055580,170343216210,0.0540412363040706
2018,83,32066537,56113952714,0.057145389781104554
2018,84,5640609589,462881024864,1.2185873444817226
2018,85,110193275,118481355955,0.09300473826603751
2018,87,383958919,418178348589,0.09181702503143413
2018,88,5371045,142959785238,0.003757032084972892
2018,89,370430488,710363489555,0.05214661134006935
2019,51,240613163,364721608175,0.06597173230398498
2019,52,28023261,128054596048,0.021883838507050352
2019,53,50031758,80012009181,0.06253031077724863
2019,54,164207226,471402096804,0.03483379202453447
2019,55,68534246,179303707894,0.038222436560272244
2019,56,1052849,63419341247,0.0016601386569113949
2019,57,3627757,4065654578,0.08922934623198085
2019,58,312964857,429993681371,0.07278359440123328
2019,59,108286017,169899688045,0.06373526534746735
2019,61,210975634,26131170604,0.8073715379888307
2019,62,25627059,122567975811,0.020908445970843938
2019,63,8603323,57556166058,0.01494769994118499
2019,64,75112137,172412908800,0.04356526290449082
2019,65,7328632854,305637216201,2.397820836445644
2019,66,310280573,318693369073,0.09736022243027186
2019,67,237012394,403861242384,0.058686590622291875
2019,69,191737123,410119615918,0.04675151237787569
2019,71,126403426,420201510195,0.030081621063508514
2019,72,79123865,364423140908,0.021712085792042257
2019,73,4201845,103415257932,0.004063080326853601
2019,74,119573597,711806769227,0.01679860352126929
2019,75,8555069,648259603225,0.0013196979971356751
2019,76,8507208,615192426058,0.0013828531756335284
2019,77,71994695,1371689671061,0.005248613918942191
2019,78,41355079,1412899099011,0.002926966195176124
2019,79,265815478,379550686244,0.07003425040025259
2019,81,5168135,55011487571,0.009394646878672024
2019,82,90145183,172148679641,0.05236472518289967
2019,83,30618781,60245373423,0.05082345624288321
2019,84,6012397650,463403641340,1.2974429015305675
2019,85,128348420,122027710025,0.10517973333573585
2019,87,414747595,411432362594,0.10080577822928127
2019,88,2753021,142560412414,0.0019311258668396236
2019,89,372424860,724447196857,0.051408144253405626
2020,51,262978349,341872721481,0.07692288166799975
2020,52,27482340,125152503178,0.021959081362450127
2020,53,41522810,78493873313,0.05289942800302998
2020,54,181416236,519506721544,0.034920864057508605
2020,55,89214913,177949803931,0.05013487569482969
2020,56,2044673,59578711859,0.003431885208997063
2020,57,303851,3472778188,0.008749507845042939
2020,58,306471671,415917373718,0.07368571027951185
2020,59,114569240,182288875509,0.06285037399023478
2020,61,138710359,20882807026,0.6642323459068485
2020,62,24688642,113600937381,0.02173278017697874
2020,63,8659829,56232465458,0.01540005213975194
2020,64,72814665,163967950895,0.044407864221361316
2020,65,6767165758,326112902709,2.075099053666864
2020,66,306433985,278290129696,0.11011313456741852
2020,67,184858751,357605076457,0.051693547762661086
2020,69,183068708,392268875750,0.04666919027159141
2020,71,127205575,352729686442,0.036063189430730454
2020,72,66726226,344650218714,0.019360563950598045
2020,73,2455748,95210712962,0.0025792769779805404
2020,74,74896684,677875716113,0.011048733893207487
2020,75,6563645,676799703993,0.0009698061274666111
2020,76,17792962,600054285981,0.0029652253830519918
2020,77,70250572,1422840375995,0.004937347378188744
2020,78,27300911,1211430954700,0.002253608502744659
2020,79,75269801,289924584032,0.025961855304996215
2020,81,5036721,57388637648,0.008776512575352153
2020,82,135039486,173625870471,0.07777613188269376
2020,83,28715655,48497159486,0.059211003911042545
2020,84,5774951832,425342951515,1.3577165934995734
2020,85,115877646,104591201370,0.11079100773503238
2020,87,350020428,405047002563,0.08641476810967356
2020,88,2411863,130673969908,0.0018457103596822334
2020,89,316418713,693556142453,0.04562265311080316
2021,51,325452819,447335556916,0.07275362174286383
2021,52,45562224,166206850614,0.027412963925183834
2021,53,55595294,95165430799,0.05841963151243802
2021,54,198483858,615681390465,0.03223807980457115
2021,55,98531606,201903252949,0.04880139599577859
2021,56,2355376,90743860462,0.002595631250431912
2021,57,329231,4146958881,0.00793909487524528
2021,58,329783674,552120347842,0.059730396695028894
2021,59,142166872,214514757274,0.06627370247465542
2021,61,171904326,26742202601,0.642820371099768
2021,62,40327177,137067133040,0.02942147844314465
2021,63,8704101,78065341200,0.011149763603415852
2021,64,85651082,190588022091,0.04494043280385386
2021,65,8676771336,351306735664,2.469856241042505
2021,66,350642865,362114358084,0.09683208002447145
2021,67,247589955,560376764771,0.04418276605404554
2021,69,222248792,487332941635,0.04560512393321006
2021,71,39807866,397876025767,0.0100050928987895
2021,72,79511484,432302946753,0.018392538056288005
2021,73,3289605,115152105320,0.0028567475955896837
2021,74,88361558,805518310443,0.010969528172662517
2021,75,9987412,786455937784,0.0012699264536220009
2021,76,13624131,695525575150,0.0019588253094879743
2021,77,74175685,1770708960008,0.0041890387791150546
2021,78,46107713,1439744902555,0.0032024918385316964
2021,79,253526006,316336229388,0.08014447364770207
2021,81,3375111,67525083209,0.004998307058065428
2021,82,186466817,208194999095,0.08956354274144435
2021,83,28584309,60498082099,0.04724828954614494
2021,84,7757739295,510908006193,1.5184219469971363
2021,85,130363317,125164609624,0.10415349625714262
2021,87,394829185,464589143168,0.08498459139782909
2021,88,5341850,160207889830,0.0033343239247881924
2021,89,394873531,891068632258,0.044314603466556364
2022,51,399922993,497444870136,0.08039544018026806
2022,52,72317396,228248818967,0.03168357949333161
2022,53,42864735,95393376546,0.04493470778794588
2022,54,249873484,636246818339,0.039273042598833775
2022,55,107515529,206130964168,0.052158844467623575
2022,56,3246133,133643484232,0.0024289496930241933
2022,57,5150028,4838069316,0.10644799947301954
2022,58,341932040,567878047868,0.06021223065123309
2022,59,187699828,236136697672,0.07948778391943125
2022,61,182830411,26940876931,0.6786357083633864
2022,62,57913436,144148270310,0.04017629616744862
2022,63,10703571,79361546830,0.013487099770028512
2022,64,119975178,214902930961,0.05582761364095717
2022,65,8461192021,348188040725,2.430063939985428
2022,66,253577450,388778490604,0.0652241459155948
2022,67,264489443,588870321943,0.0449147177475861
2022,69,184552583,516542376968,0.035728449635301286
2022,71,73286587,413596469262,0.017719345411910496
2022,72,75742920,458972784514,0.01650270398498751
2022,73,3499880,121566492223,0.0028789841147837556
2022,74,95915977,832844013540,0.011516679647165805
2022,75,9289959,788483042838,0.0011782065682176877
2022,76,9313139,673774336462,0.001382234154079457
2022,77,81175643,1913319743786,0.004242659558792453
2022,78,36651314,1514317538693,0.0024203189267446223
2022,79,31852525,309892566365,0.01027857020696754
2022,81,3116565,65406241144,0.0047649351888889215
2022,82,193175407,198557242870,0.09728952931043487
2022,83,33213901,72827422514,0.04560631126773039
2022,84,8378750264,547111503538,1.5314520367086466
2022,85,164817884,152387787169,0.10815688518215365
2022,87,413279086,442079633081,0.09348521286079628
2022,88,4554354,167858575339,0.0027132090158648267
2022,89,500079359,934614573637,0.05350647990154586
2023,51,344509729,446128616755,0.0772220646830181
2023,52,87914663,206905686069,0.042490211202161815
2023,53,43744471,89008687057,0.04914629397014542
2023,54,251496341,645165774913,0.03898166188897947
2023,55,94904260,218392205496,0.043455882404071534
2023,56,3125331,95262895228,0.003280743244806811
2023,57,2007700,5516215442,0.036396330439045964
2023,58,334792970,497862789318,0.06724603187529198
2023,59,169124656,218067715653,0.07755602680275672
2023,61,139691066,24728062896,0.5649090532788816
2023,62,83382829,148694981393,0.05607642451604984
2023,63,13307299,67876323339,0.019605214816274478
2023,64,84403449,191544138773,0.044064751623659436
2023,65,7897444215,320330877603,2.4654021098732937
2023,66,313052602,358962997104,0.08721027084284716
2023,67,226184482,514108373040,0.04399548691699713
2023,69,194969212,500886874368,0.03892479958593539
2023,71,89411704,460550936608,0.019414074946525008
2023,72,85852441,480267337823,0.01787596911944082
2023,73,3868184,126801667330,0.003050578183592091
2023,74,106256648,872068636995,0.012184436349659622
2023,75,15696537,715034729918,0.002195213231362912
2023,76,7842024,649721980779,0.0012069814831564747
2023,77,86056837,1869337364225,0.004603601182265883
2023,78,47698755,1783219852693,0.0026748667545376326
2023,79,32494761,361123367696,0.008998243787800146
2023,81,4346626,59379219744,0.007320113027317451
2023,82,210360534,193600684469,0.10865691646543926
2023,83,28226261,74508230363,0.037883413500070004
2023,84,7571938518,501231921152,1.510665661635662
2023,85,153911807,137545177998,0.1118990932580988
2023,87,436249467,462556054658,0.09431277844207438
2023,88,3608506,169799451907,0.0021251576253475757
2023,89,492550704,888484491472,0.0554371751817485
2024,51,257931582,429597007232,0.06004035820964329
2024,52,80955622,188162764891,0.04302425192725906
2024,53,37923533,91129463913,0.041615007234328795
2024,54,346423281,687569585680,0.0503837412554237
2024,55,92597165,224288475734,0.041284851884150174
2024,56,8457604,92096954594,0.009183369892397075
2024,57,11954649,6313390277,0.18935387288746255
2024,58,477758695,509248679512,0.09381638366894225
2024,59,148669872,210373506691,0.07066948416578361
2024,61,131429740,24354768335,0.539646849406174
2024,62,104325699,147340034480,0.070806077498347
2024,63,19615141,67361596669,0.0291191746780951
2024,64,100677804,190354029070,0.05288976781414864
2024,65,7935078771,322401083386,2.461244449820783
2024,66,366950667,318456780850,0.11522777628429325
2024,67,130556136,476329569672,0.02740878255572099
2024,69,203488760,501754301867,0.04055545896524047
2024,71,70639447,466908472292,0.015129185095579669
2024,72,107468356,459244415021,0.023401124212928264
2024,73,4688159,129591791664,0.0036176357621131258
2024,74,91505473,888527805662,0.010298549175039447
2024,75,12561997,862491901209,0.0014564770964679427
2024,76,9285330,654438363856,0.0014188242182640606
2024,77,99698368,1920365970487,0.005191633757950665
2024,78,55612198,1716604369146,0.00323966308134627
2024,79,37080325,384857644433,0.009634815765353811
2024,81,3707859,57542684383,0.006443667061690683
2024,82,235828060,197180248311,0.11960024496370611
2024,83,34841322,72565281374,0.048013762697933365
2024,84,8496647050,505815395677,1.6797920985832802
2024,85,163505102,140493912364,0.11637878058116942
2024,87,433690091,475001591250,0.0913028711880131
2024,88,4298070,176430210564,0.002436130403211686
2024,89,450819496,905998947681,0.04975938406484026
