year,sitc2,sitc2_export_current_usd,sitc2_manufacturing_export_share_pct,sitc2_rank
2000,51,28689024,0.39059714728651623,11
2000,52,1861647,0.025346069892600773,29
2000,53,1379080,0.01877598603144843,30
2000,54,38055174,0.5181160015723086,7
2000,55,6150772,0.08374192153799934,22
2000,56,18930293,0.25773335625143284,13
2000,57,50109,0.0006822271978781865,34
2000,58,40843515,0.5560788838321594,6
2000,59,11132214,0.1515635746752144,18
2000,61,208606733,2.8401522064521947,4
2000,62,1283174,0.017470238927341276,32
2000,63,3268058,0.04449416375987129,24
2000,64,3155966,0.04296804647426268,26
2000,65,4228774356,57.574185861881354,1
2000,66,21870116,0.29775864527232415,12
2000,67,9746381,0.13269564747017895,21
2000,69,37134981,0.5055876994330298,9
2000,71,14061668,0.1914476911759038,16
2000,72,35335469,0.4810875890874199,10
2000,73,1943071,0.026454646542704217,28
2000,74,15022368,0.20452749059320552,15
2000,75,2215040,0.03015746736889777,27
2000,76,5657934,0.07703199941327345,23
2000,77,18226595,0.24815260399749672,14
2000,78,10184785,0.13866445811215122,19
2000,79,13186464,0.1795319081331015,17
2000,81,996307,0.013564583863905135,33
2000,82,10076739,0.1371934265644862,20
2000,83,3247745,0.044217605036478286,25
2000,84,2024462377,27.562779035113905,2
2000,85,37549959,0.5112375682813624,8
2000,87,122483006,1.6675894144979366,5
2000,88,1286710,0.017518381084871807,31
2000,89,368046028,5.010896453184788,3
2001,51,67794222,0.9039350744173426,6
2001,52,2299369,0.030658664216663342,30
2001,53,2581042,0.03441435454992443,28
2001,54,36287788,0.4838436577415219,10
2001,55,8885956,0.11848100119991395,21
2001,56,119833,0.0015977947467654904,34
2001,57,247803,0.003304084280896988,33
2001,58,30066591,0.4008932527179205,11
2001,59,15507879,0.20677449116416066,16
2001,61,244928542,3.2657576605820657,4
2001,62,3348286,0.044644411651785704,25
2001,63,3098367,0.04131211365943899,26
2001,64,4720616,0.06294239021218798,23
2001,65,4260787379,56.81125976359518,1
2001,66,19547785,0.26064062640425634,14
2001,67,12822157,0.17096438457522017,19
2001,69,39517812,0.526911221593937,9
2001,71,16140857,0.21521431094016666,15
2001,72,43342643,0.5779096517347646,7
2001,73,1641052,0.021880986579398007,32
2001,74,15234989,0.2031359090670352,17
2001,75,2929687,0.039063016850676764,27
2001,76,8810415,0.11747377436786091,22
2001,77,23172398,0.30896944743400523,12
2001,78,12921438,0.17228814898280093,18
2001,79,19636881,0.2618285889918392,13
2001,81,2545355,0.033938521506206756,29
2001,82,12321297,0.16428616174123484,20
2001,83,3935149,0.052469356520653515,24
2001,84,2055265792,27.403911156896804,2
2001,85,41299924,0.5506730333799036,8
2001,87,124263760,1.6568723385154978,5
2001,88,1699789,0.02266415707534457,31
2001,89,362176633,4.829086492106622,3
2002,51,63558581,0.7757548780255522,7
2002,52,3317247,0.04048816857421076,30
2002,53,2991302,0.036509894991953805,31
2002,54,35392252,0.4319749072640499,11
2002,55,11322912,0.13820013095405737,21
2002,56,12920212,0.15769574031434522,19
2002,57,1418875,0.017317869361471512,34
2002,58,60052576,0.7329628515463585,8
2002,59,10963067,0.1338080959260396,22
2002,61,303449267,3.703705233893252,4
2002,62,2172692,0.026518471478258664,32
2002,63,5482365,0.06691419671352569,27
2002,64,5362826,0.06545518109509493,28
2002,65,4573471104,55.82082643470137,1
2002,66,29826002,0.3640368645659329,12
2002,67,15222826,0.18579995558482032,18
2002,69,49844205,0.6083660862418502,9
2002,71,18667958,0.2278490056484447,16
2002,72,36203609,0.441877805356916,10
2002,73,5534823,0.0675544650887977,26
2002,74,18796087,0.22941286524383966,15
2002,75,4231853,0.051651257095199576,29
2002,76,8976361,0.10955964911596003,23
2002,77,29502297,0.36008593097301234,13
2002,78,11961116,0.14598963566586676,20
2002,79,15725022,0.19192943472981444,17
2002,81,6255049,0.07634507721371017,25
2002,82,26428690,0.32257147445323126,14
2002,83,6270168,0.07652960993637854,24
2002,84,2184994881,26.668632476181475,2
2002,85,66238314,0.8084619635810975,6
2002,87,139840964,1.7068082431040372,5
2002,88,1731252,0.021130540722605076,33
2002,89,425000069,5.1872756046574775,3
2003,51,65065816,0.6837988344283076,10
2003,52,6398402,0.067242987159398,25
2003,53,5632049,0.059189122313368286,26
2003,54,26232461,0.2756858725322992,16
2003,55,13474951,0.14161285225068965,20
2003,56,5052226,0.05309556480577129,28
2003,57,1905125,0.02002160788147542,34
2003,58,137179289,1.4416638980736667,7
2003,59,16879702,0.17739454083073625,19
2003,61,244201561,2.5663974271432064,4
2003,62,5044165,0.053010849009625334,29
2003,63,9035680,0.09495904043172487,22
2003,64,6660054,0.06999277719700907,24
2003,65,5412104053,56.87764590927622,1
2003,66,52108514,0.5476261319306462,11
2003,67,27511418,0.28912686750704797,15
2003,69,68405475,0.7188964489973465,9
2003,71,11361068,0.11939733540359725,21
2003,72,42720352,0.44896273803692893,12
2003,73,2658699,0.027941173861489834,33
2003,74,149321654,1.5692721499121296,5
2003,75,3526306,0.03705915150034463,32
2003,76,4852163,0.050993034558364105,30
2003,77,28478009,0.2992851017351239,14
2003,78,17915340,0.1882784135126629,18
2003,79,22422667,0.2356474490287508,17
2003,81,7957387,0.08362689181820093,23
2003,82,32980311,0.3466013278137185,13
2003,83,5132849,0.05394285938866123,27
2003,84,2567694393,26.9847754326404,2
2003,85,78574739,0.8257687100044743,8
2003,87,138593482,1.4565261342601257,6
2003,88,3775451,0.03967750121263658,31
2003,89,294488867,3.0948838635438447,3
2004,51,42713977,0.4223850808279983,14
2004,52,6777343,0.06701901278951544,28
2004,53,7244207,0.07163568401110838,27
2004,54,30259222,0.29922392687204813,17
2004,55,14377716,0.14217671032556872,21
2004,56,9783037,0.09674137517066833,24
2004,57,1360436,0.013452923613769768,34
2004,58,130741403,1.2928606033037127,6
2004,59,19085383,0.18872934826668808,19
2004,61,244676746,2.419531366417639,5
2004,62,5201323,0.05143424682200692,30
2004,63,11432605,0.11305343417213475,23
2004,64,8600144,0.08504411842925384,26
2004,65,5595261194,55.329777690367074,1
2004,66,64308770,0.6359291951297148,11
2004,67,34467563,0.3408388870860497,16
2004,69,76033927,0.7518755839936216,10
2004,71,16688374,0.16502608035954752,20
2004,72,50178434,0.4961987477989319,12
2004,73,3265271,0.03228923767178876,31
2004,74,114535703,1.132607534281966,8
2004,75,2731002,0.027006019610663387,33
2004,76,12483079,0.12344124108128092,22
2004,77,34629988,0.34244505681249515,15
2004,78,28349745,0.28034170953639226,18
2004,79,327082277,3.23441373787439,4
2004,81,9684975,0.09577167090276194,25
2004,82,45424416,0.44918775940073713,13
2004,83,5772359,0.057081042179313424,29
2004,84,2609112191,25.800689635733303,2
2004,85,81289308,0.8038443933710985,9
2004,87,130292021,1.28841680608032,7
2004,88,2968884,0.02935835987149946,32
2004,89,335754617,3.3201717798349377,3
2005,51,134732846,1.1298974510860125,9
2005,52,15932281,0.13361139637684272,22
2005,53,61046658,0.5119498720565847,14
2005,54,52821392,0.44297109394998674,16
2005,55,10674996,0.08952271943215227,26
2005,56,8312443,0.06970986241912953,27
2005,57,728797,0.006111842042282197,34
2005,58,175472407,1.4715478169683092,6
2005,59,36935895,0.3097520378518583,20
2005,61,335247004,2.8114505597530552,4
2005,62,5001632,0.041944718128126196,32
2005,63,11798095,0.09894125941769707,24
2005,64,7106259,0.05959455447751053,29
2005,65,6414464629,53.793024118175936,1
2005,66,149051708,1.249978382771018,7
2005,67,65377670,0.5482706324702922,12
2005,69,109527563,0.9185207462875286,10
2005,71,13117270,0.11000413320302771,23
2005,72,58183919,0.48794235202524416,15
2005,73,2446510,0.020516937741049724,33
2005,74,104376090,0.8753194306110348,11
2005,75,5225347,0.04382083828571351,31
2005,76,64661569,0.5422652617040563,13
2005,77,42760073,0.3585947964830478,18
2005,78,33339532,0.27959219556009784,21
2005,79,43671965,0.3662421109802546,17
2005,81,11760426,0.09862535941002588,25
2005,82,37713636,0.31627433437860936,19
2005,83,6201626,0.052008115452328106,30
2005,84,3216349732,26.972972603784974,2
2005,85,140224629,1.175952676651555,8
2005,87,181444478,1.5216308368178615,5
2005,88,7664649,0.06427732825126364,28
2005,89,360969131,3.027161624995533,3
2006,51,127711067,1.01010704059408,8
2006,52,15004442,0.11867485614528238,23
2006,53,23985274,0.18970708417915053,21
2006,54,54761954,0.43312953678547805,15
2006,55,11280374,0.0892200297561871,25
2006,56,2368660,0.01873447774712879,33
2006,57,88246,0.0006979653995394556,34
2006,58,149439724,1.1819658303914735,7
2006,59,43264021,0.3421887643966684,18
2006,61,346713614,2.7422671409613875,4
2006,62,6882453,0.05443548781765207,29
2006,63,10622172,0.08401410289369284,26
2006,64,14209792,0.11238971908814632,24
2006,65,6842256571,54.117561604259464,1
2006,66,173962580,1.375924819874153,6
2006,67,51792942,0.4096466860407707,17
2006,69,100037275,0.7912263061692699,10
2006,71,27110564,0.21442598683226416,20
2006,72,54509357,0.4311316675786304,16
2006,73,4525741,0.03579551056452525,32
2006,74,94992040,0.7513219539884861,11
2006,75,6503686,0.05143970035434086,30
2006,76,88364630,0.6989036815618405,13
2006,77,39407996,0.31169024854598815,19
2006,78,90213034,0.7135232907947838,12
2006,79,18827955,0.1489162243510855,22
2006,81,9698832,0.07671111610663438,27
2006,82,61332952,0.4851016289419832,14
2006,83,5579804,0.0441324267186258,31
2006,84,3471060538,27.45371070904979,2
2006,85,124918265,0.9880178902216599,9
2006,87,196320037,1.5527569868583926,5
2006,88,7218545,0.057093745269117466,28
2006,89,368355013,2.913435779762328,3
2007,51,137610520,1.0089712230612191,9
2007,52,18588717,0.13629394414488716,22
2007,53,15324639,0.11236146593154113,23
2007,54,69139711,0.5069378327308787,13
2007,55,13993948,0.10260473420938387,25
2007,56,702404,0.005150081715868036,33
2007,57,395045,0.0028965012036450363,34
2007,58,146783815,1.0762305479707637,8
2007,59,56071932,0.4111238429260024,18
2007,61,383142630,2.8092320848579906,5
2007,62,6443068,0.04724108447687432,30
2007,63,8862056,0.06497729593026039,27
2007,64,14914708,0.1093558193978262,24
2007,65,7043833060,51.64594144101229,1
2007,66,296802260,2.176177659088375,6
2007,67,68740602,0.5040115339576109,14
2007,69,122057174,0.8949328593059312,10
2007,71,49152804,0.3603922488540003,19
2007,72,56968381,0.4176966779384855,16
2007,73,3302695,0.02421562111347427,32
2007,74,75419810,0.5529840156024755,12
2007,75,7284690,0.05341192358637866,29
2007,76,65652992,0.4813729330858458,15
2007,77,56174648,0.4118769647668904,17
2007,78,42721477,0.3132372503183023,20
2007,79,423321820,3.1038290856970914,4
2007,81,7455054,0.05466104591689236,28
2007,82,33106377,0.242738576184552,21
2007,83,11684668,0.08567291049422886,26
2007,84,3637013303,26.66686936883775,2
2007,85,102946308,0.7548104773704581,11
2007,87,229176332,1.680339003113454,7
2007,88,3395484,0.024895957404744932,31
2007,89,430513082,3.156555987793629,3
2008,51,209280782,1.4293686454754746,8
2008,52,20007753,0.13665112740556304,25
2008,53,21554028,0.14721204456747708,24
2008,54,77112274,0.5266697953991478,16
2008,55,28384176,0.19386133219846952,23
2008,56,1389916,0.009492999458711357,33
2008,57,597697,0.004082215973823888,34
2008,58,249213569,1.7021059370642009,7
2008,59,80707494,0.5512248199574293,15
2008,61,402450564,2.7487006309806357,5
2008,62,5135861,0.035077462014263296,32
2008,63,12925171,0.08827773858762095,26
2008,64,36133859,0.24679095997754721,21
2008,65,7006762288,47.855547103064616,1
2008,66,630408913,4.305635354852966,4
2008,67,104682672,0.7149730981098561,13
2008,69,153510435,1.0484622641667158,9
2008,71,58995080,0.4029310134617008,19
2008,72,125522455,0.8573069144977976,10
2008,73,7806927,0.05332059907591473,30
2008,74,120202336,0.8209709871559439,12
2008,75,10520804,0.07185613136132565,29
2008,76,72700845,0.496540137844919,17
2008,77,63473552,0.43351856858866816,18
2008,78,87469361,0.5974077545886431,14
2008,79,30557684,0.20870619351922903,22
2008,81,12707781,0.08679298472312175,27
2008,82,55482610,0.3789411638529907,20
2008,83,11373704,0.07768136053944498,28
2008,84,3861144861,26.37126709490296,2
2008,85,123465621,0.8432589259512531,11
2008,87,269240559,1.838888451424506,6
2008,88,6278443,0.042881192820681334,31
2008,89,684283958,4.6735969964363795,3
2009,51,174820604,1.3077269131262934,9
2009,52,30744282,0.22997932781506844,22
2009,53,21341898,0.15964579547955463,25
2009,54,108723030,0.8132910489637559,12
2009,55,33324674,0.2492816754080088,20
2009,56,1654085,0.01237320671365776,33
2009,57,16523,0.0001235985421122658,34
2009,58,240538432,1.7993221277716145,7
2009,59,45485899,0.3402524240795115,18
2009,61,292775413,2.1900753018892765,5
2009,62,5018187,0.037538013511270646,31
2009,63,15442762,0.11551793677823023,26
2009,64,32306725,0.24166701630587004,21
2009,65,6417652918,48.006569294155334,1
2009,66,597512043,4.469625213903133,4
2009,67,82489338,0.617052709350961,14
2009,69,176060797,1.3170040448056395,8
2009,71,72129915,0.5395601486825428,16
2009,72,114348215,0.8553696463801927,10
2009,73,11314127,0.08463412228245619,28
2009,74,108421546,0.8110358300041133,13
2009,75,9818025,0.07344269057808984,29
2009,76,24824905,0.1857000584685286,24
2009,77,68480841,0.5122636391830708,17
2009,78,43443165,0.324971969905139,19
2009,79,28077113,0.2100278541137412,23
2009,81,9245985,0.06916360626955625,30
2009,82,80567837,0.6026791257240615,15
2009,83,12427113,0.09295969554344767,27
2009,84,3373156488,25.232537930964753,2
2009,85,109925437,0.8222855264935981,11
2009,87,248548707,1.8592421369659697,6
2009,88,3784519,0.02830969139963506,32
2009,89,773859111,5.788770678441813,3
2010,51,192539004,1.2412893157169702,9
2010,52,36635302,0.2361859571615139,22
2010,53,28569706,0.18418746370462694,23
2010,54,83547493,0.5386265030011185,17
2010,55,23114666,0.14901909403336436,25
2010,56,1489810,0.009604730454761777,34
2010,57,7097831,0.045759360971165605,29
2010,58,333920282,2.1527673340815543,6
2010,59,70744758,0.45608791166481083,19
2010,61,449388233,2.8971834311131492,5
2010,62,6170694,0.03978215516664257,31
2010,63,11909716,0.07678134256902801,28
2010,64,51460256,0.331761693110556,21
2010,65,7675433215,49.4831335227986,1
2010,66,502739717,3.241137776419957,4
2010,67,100084196,0.6452377990223899,13
2010,69,198359550,1.2788140842643299,8
2010,71,124867290,0.8050131648106609,10
2010,72,111612561,0.7195605907938976,11
2010,73,5802209,0.03740655082674493,32
2010,74,102122224,0.6583768634663507,12
2010,75,15495701,0.09990000826453206,26
2010,76,28031627,0.180718495340629,24
2010,77,72646889,0.46835085495599993,18
2010,78,57288312,0.3693348782517868,20
2010,79,88979009,0.5736432146225506,15
2010,81,7048336,0.0454402691850597,30
2010,82,95879497,0.6181303151563894,14
2010,83,12501188,0.08059453292990545,27
2010,84,3767282494,24.287481559267757,2
2010,85,84983011,0.547881215651026,16
2010,87,243007407,1.5666565822122218,7
2010,88,3699348,0.02384951127886245,33
2010,89,916759397,5.910301917731081,3
2011,51,335559173,1.914769853899596,7
2011,52,46999699,0.2681899766976568,21
2011,53,36209302,0.20661774577787015,23
2011,54,99188941,0.5659925561535033,13
2011,55,25798082,0.14720917702950054,24
2011,56,1458117,0.008320316354631489,34
2011,57,6356956,0.03627410212793128,32
2011,58,433043155,2.4710335623325967,6
2011,59,82534411,0.470958372793937,17
2011,61,490875528,2.801037011232135,5
2011,62,8580307,0.048961001524472345,30
2011,63,18033811,0.10290464523740772,26
2011,64,57257186,0.3267213132389082,19
2011,65,8737236782,49.856475229053906,1
2011,66,503840581,2.875018277834585,4
2011,67,149147869,0.8510685038986135,10
2011,69,211725729,1.2081506804289193,9
2011,71,89929739,0.5131576397294876,16
2011,72,94222640,0.5376538182934257,15
2011,73,13419713,0.07657565034106371,28
2011,74,113937882,0.650153055630428,11
2011,75,11898859,0.06789734372423754,29
2011,76,42422281,0.2420702854469653,22
2011,77,81989520,0.46784911235818905,18
2011,78,56745943,0.32380405523142947,20
2011,79,22741299,0.12976654273646404,25
2011,81,7620863,0.04348621616461915,31
2011,82,95963323,0.5475865145263954,14
2011,83,15052417,0.08589219612817973,27
2011,84,4396750330,25.08876426098207,2
2011,85,104381806,0.595624114928892,12
2011,87,294810407,1.6822489902234634,8
2011,88,5824057,0.033233270517664906,33
2011,89,833221652,4.754534607420849,3
2012,51,258040218,1.3844575265038725,8
2012,52,43159495,0.23156269265303542,22
2012,53,42229306,0.22657196999707674,23
2012,54,107402446,0.5762439897242132,12
2012,55,37857132,0.20311404065412236,24
2012,56,1461563,0.007841691932726469,33
2012,57,140554,0.0007541112958609626,34
2012,58,481858272,2.585303626501161,5
2012,59,70152318,0.3763866943283744,17
2012,61,460143096,2.4687956686116035,6
2012,62,10045185,0.053895210933257706,29
2012,63,17583594,0.09434087153146155,26
2012,64,68241370,0.3661339269037339,18
2012,65,8839286862,47.42523208154589,1
2012,66,599898919,3.2186245229070725,4
2012,67,186281200,0.9994504398774503,10
2012,69,222272487,1.1925537032443685,9
2012,71,52551105,0.28195129196234553,19
2012,72,82662081,0.44350505159208453,16
2012,73,6945148,0.03726265035663284,31
2012,74,119422933,0.6407372451879485,11
2012,75,10826951,0.058089602920110034,28
2012,76,48890655,0.2623119597986628,20
2012,77,88358706,0.47406902885907054,15
2012,78,47688328,0.2558611410953984,21
2012,79,14895868,0.07992047412705326,27
2012,81,9069035,0.04865789473126645,30
2012,82,92140315,0.49435841275016923,14
2012,83,25679483,0.13777756735610197,25
2012,84,4169369462,22.369826599826006,2
2012,85,96338922,0.5168851068718656,13
2012,87,309035982,1.658063981485302,7
2012,88,4789854,0.025698898693205564,32
2012,89,2013644056,10.803760323241493,3
2013,51,339586287,1.868644359982739,7
2013,52,39606735,0.21794431874418105,23
2013,53,43802475,0.24103225305453788,21
2013,54,116657478,0.6419320999098838,12
2013,55,59001623,0.324668734485082,19
2013,56,1980061,0.010895698565330413,33
2013,57,601596,0.0033104074440678923,34
2013,58,381766340,2.1007488976498414,6
2013,59,108062548,0.5946367052376411,13
2013,61,508153362,2.796219842374162,5
2013,62,10251385,0.056410383739263444,28
2013,63,18701739,0.10291021882229076,27
2013,64,93146941,0.5125604672879355,17
2013,65,9290785729,51.12448593162412,1
2013,66,571073253,3.1424496636268637,4
2013,67,136506597,0.7511560164515321,10
2013,69,200411912,1.1028083387600307,9
2013,71,27527081,0.151473503573594,25
2013,72,90403121,0.49746202555430963,18
2013,73,5636299,0.031014910615417023,31
2013,74,121407263,0.6680687823707412,11
2013,75,8263612,0.04547224828570796,30
2013,76,48536666,0.2670831262784942,20
2013,77,103953893,0.5720279743000903,14
2013,78,41513754,0.2284380884726681,22
2013,79,19431294,0.10692474734784103,26
2013,81,8447847,0.04648603979272903,29
2013,82,100272014,0.5517676673004475,16
2013,83,30300440,0.16673448981464725,24
2013,84,4421529748,24.330389483884257,2
2013,85,101961194,0.5610627325042895,15
2013,87,337229199,1.8556739917264289,8
2013,88,4290152,0.023607456028601845,32
2013,89,782069115,4.303498394390236,3
2014,51,325347828,1.8873374101437055,7
2014,52,35118091,0.20371946948153893,23
2014,53,42990541,0.249387422717378,21
2014,54,134979461,0.7830136377807116,11
2014,55,50021292,0.29017269386941186,20
2014,56,2042807,0.011850289877464412,33
2014,57,637823,0.0037000007541162644,34
2014,58,311644347,1.8078437417842737,8
2014,59,112628527,0.6533562365029233,14
2014,61,514425936,2.9841764112253166,4
2014,62,10758538,0.06241010235314262,29
2014,63,15306882,0.08879497124307005,27
2014,64,103659807,0.6013288389906705,16
2014,65,8603955544,49.91140489004444,1
2014,66,583277046,3.383580570250221,3
2014,67,159475163,0.9251128030234316,10
2014,69,211127647,1.224748014911335,9
2014,71,93507551,0.5424357685683412,17
2014,72,76414182,0.443277415560708,19
2014,73,7053265,0.04091587449650115,31
2014,74,125904128,0.7303677800053474,12
2014,75,13445933,0.07799963663868623,28
2014,76,31931082,0.18523168258239084,24
2014,77,110875900,0.6431892760426005,15
2014,78,41446918,0.2404328910305758,22
2014,79,29690336,0.17223315181479074,25
2014,81,5953153,0.03453414284114794,32
2014,82,86880099,0.5039900282957744,18
2014,83,21327546,0.12372074428712873,26
2014,84,4404945398,25.553015953392975,2
2014,85,124383406,0.7215460966436605,13
2014,87,329910150,1.9138033651822053,6
2014,88,7063545,0.04097550860777076,30
2014,89,510326074,2.9603931790562465,5
2015,51,266945101,1.7287869228116197,7
2015,52,30643173,0.19845097946133167,24
2015,53,35044776,0.2269565923281825,21
2015,54,142007412,0.91966683744431,10
2015,55,40027205,0.2592237441386867,20
2015,56,973560,0.0063049585486585884,34
2015,57,4562529,0.02954780005552069,33
2015,58,231030042,1.4961942133046273,8
2015,59,103753030,0.6719242300913463,14
2015,61,385685037,2.4977691884658926,4
2015,62,12606030,0.08163903263604363,29
2015,63,12902252,0.0835574222896867,28
2015,64,89979980,0.5827273553855221,15
2015,65,7570135223,49.02562634943439,1
2015,66,384354799,2.4891543157822875,5
2015,67,104367129,0.675901251271112,13
2015,69,174226933,1.1283265444604518,9
2015,71,49945098,0.3234538935439942,19
2015,72,60945313,0.3946933647643941,18
2015,73,6262633,0.04055799485441204,31
2015,74,117565417,0.7613758586432905,11
2015,75,15451753,0.10006847258423826,27
2015,76,32496381,0.21045270469864882,22
2015,77,74099272,0.47988088915503724,17
2015,78,30486213,0.19743447683817802,26
2015,79,31455722,0.20371320034525664,23
2015,81,5051445,0.032714112469522875,32
2015,82,84416850,0.5466994741549878,16
2015,83,30622785,0.19831894292029667,25
2015,84,4460098717,28.884442184981264,2
2015,85,109844105,0.7113711829157954,12
2015,87,337313237,2.184504270100303,6
2015,88,11419324,0.07395370030989584,30
2015,89,394461549,2.5546075388108167,3
2016,51,228643060,1.5116004241938823,7
2016,52,29321235,0.19384796225124223,24
2016,53,33513165,0.2215615660063313,22
2016,54,158287324,1.04646598983986,10
2016,55,40241520,0.26604393197942067,20
2016,56,1340957,0.008865308092122963,34
2016,57,3001463,0.019843212140365173,33
2016,58,218227939,1.4427441845965352,8
2016,59,87952510,0.5814698745936863,15
2016,61,318021494,2.1024973390102994,6
2016,62,15963091,0.1055348678724189,27
2016,63,8980698,0.05937301095584162,30
2016,64,120711223,0.7980436226306731,11
2016,65,7294593087,48.22586788608831,1
2016,66,337578934,2.231795095085408,4
2016,67,105820212,0.6995964686069482,12
2016,69,176590572,1.1674720568550838,9
2016,71,68165917,0.4506571467892574,17
2016,72,54864848,0.36272138550863026,19
2016,73,4618646,0.030534700037697968,31
2016,74,95938783,0.6342685628833206,14
2016,75,21271037,0.14062665428044818,26
2016,76,39128896,0.2586881744490225,21
2016,77,64987019,0.42964087992653655,18
2016,78,27511376,0.18188265863725492,25
2016,79,14873839,0.09833362684085628,28
2016,81,3923128,0.025936505350159754,32
2016,82,71278857,0.4712373534418893,16
2016,83,29460372,0.1947678220021617,23
2016,84,4613349986,30.499687135889637,2
2016,85,104500625,0.6908724414313114,13
2016,87,336289844,2.223272689066069,5
2016,88,10945248,0.07236100461438559,29
2016,89,385995913,2.551888458052936,3
2017,51,274435996,1.7296321906425036,6
2017,52,33428581,0.21068354963574232,25
2017,53,38841395,0.24479779657425402,23
2017,54,147233891,0.927941236349876,10
2017,55,48211681,0.30385400107130106,21
2017,56,55987763,0.35286273877448393,19
2017,57,4043063,0.025481394625782444,34
2017,58,231927555,1.4617228456612876,8
2017,59,107451982,0.677215852600979,12
2017,61,303775079,1.9145416891790303,5
2017,62,24458951,0.1541524785944904,28
2017,63,7744041,0.04880679937939105,32
2017,64,126728511,0.7987061292710035,11
2017,65,7418845089,46.75725294915194,1
2017,66,252939441,1.5941502055609365,7
2017,67,105484514,0.6648158903640318,13
2017,69,198437260,1.2506503436921448,9
2017,71,53704125,0.33847011588920295,20
2017,72,58280787,0.3673145169017083,18
2017,73,4556961,0.028720235508400485,33
2017,74,91305592,0.5754532692893196,15
2017,75,7780213,0.04903477332053513,31
2017,76,33449067,0.21081266260041878,24
2017,77,67952183,0.4282684664340836,17
2017,78,28738732,0.181125787833779,27
2017,79,41853445,0.2637812343002029,22
2017,81,8085697,0.050960085480118725,30
2017,82,79001657,0.497907749176233,16
2017,83,32167004,0.2027324636922854,26
2017,84,5033790981,31.725455292328007,2
2017,85,100265014,0.6319200044356474,14
2017,87,385780083,2.431378025445091,4
2017,88,10328606,0.06509601394294977,29
2017,89,449710800,2.8343012122928393,3
2018,51,367551026,2.1399255591952175,5
2018,52,36650798,0.21338528219780006,23
2018,53,47874531,0.27873118362995336,20
2018,54,142886062,0.8318995581488391,12
2018,55,41489252,0.2415553338346314,21
2018,56,9433922,0.054925410033419594,28
2018,57,7511,4.372993064401153e-05,34
2018,58,290656039,1.6922338472551073,7
2018,59,143062488,0.8329267311942126,11
2018,61,275396766,1.6033925544887595,8
2018,62,26921089,0.15673776525512736,27
2018,63,7674999,0.044684752225117544,29
2018,64,113576109,0.6612535440536138,14
2018,65,7807742682,45.45760164693763,1
2018,66,317581235,1.8489955239501434,6
2018,67,263411095,1.5336105598739358,9
2018,69,179861259,1.047173529705045,10
2018,71,81540019,0.4747356378087315,17
2018,72,75513682,0.43964959080467875,19
2018,73,3519132,0.02048880286075377,33
2018,74,115148102,0.6704058732857896,13
2018,75,5791020,0.03371600358914707,31
2018,76,30183887,0.17573416124040492,26
2018,77,79705722,0.46405614365475484,18
2018,78,32657233,0.19013427427976629,24
2018,79,39197489,0.2282124185047803,22
2018,81,6160477,0.03586702595447054,30
2018,82,92055580,0.535958478071396,16
2018,83,32066537,0.18669517228113827,25
2018,84,5640609589,32.840296380896866,2
2018,85,110193275,0.6415582842745958,15
2018,87,383958919,2.235454253497489,3
2018,88,5371045,0.03127085945092064,32
2018,89,370430488,2.1566901276351147,4
2019,51,240613163,1.4032003409927603,8
2019,52,28023261,0.16342517965623152,25
2019,53,50031758,0.29177364617440843,22
2019,54,164207226,0.9576185801467364,12
2019,55,68534246,0.39967587873354093,21
2019,56,1052849,0.006139971967426764,34
2019,57,3627757,0.021156240149001627,32
2019,58,312964857,1.8251386939340075,5
2019,59,108286017,0.6314990172800639,16
2019,61,210975634,1.2303611235515148,10
2019,62,25627059,0.14945108355290432,26
2019,63,8603323,0.05017259079575317,27
2019,64,75112137,0.4380366183503224,19
2019,65,7328632854,42.73889255071031,1
2019,66,310280573,1.8094845702062818,6
2019,67,237012394,1.3822014886205973,9
2019,69,191737123,1.1181665750122358,11
2019,71,126403426,0.7371555581348355,14
2019,72,79123865,0.46143208860383556,18
2019,73,4201845,0.02450418864573392,31
2019,74,119573597,0.6973255743457846,15
2019,75,8555069,0.0498911846232477,28
2019,76,8507208,0.049612070335887395,29
2019,77,71994695,0.41985641730527334,20
2019,78,41355079,0.24117326014530027,23
2019,79,265815478,1.5501744157311692,7
2019,81,5168135,0.030139368536112127,30
2019,82,90145183,0.5257058672407493,17
2019,83,30618781,0.17856165225666665,24
2019,84,6012397650,35.06291313191402,2
2019,85,128348420,0.7484983134936887,13
2019,87,414747595,2.4187120915322793,3
2019,88,2753021,0.01605498202091392,33
2019,89,372424860,2.1718956853003966,4
2020,51,262978349,1.6529809623178386,7
2020,52,27482340,0.17274344063946506,24
2020,53,41522810,0.2609964458782908,22
2020,54,181416236,1.1403128261458517,10
2020,55,89214913,0.5607706995827335,16
2020,56,2044673,0.012852029667146866,33
2020,57,303851,0.0019098907582739352,34
2020,58,306471671,1.9263632902826386,5
2020,59,114569240,0.7201382673036076,15
2020,61,138710359,0.871880075204491,11
2020,62,24688642,0.15518332732205498,26
2020,63,8659829,0.054432361174827845,28
2020,64,72814665,0.45768503559413193,19
2020,65,6767165758,42.53580650026503,1
2020,66,306433985,1.92612641055173,6
2020,67,184858751,1.1619511540885585,8
2020,69,183068708,1.1506996308662787,9
2020,71,127205575,0.7995654188843281,13
2020,72,66726226,0.4194154449776304,21
2020,73,2455748,0.015435889333422303,31
2020,74,74896684,0.4707718078826903,18
2020,75,6563645,0.04125655313324927,29
2020,76,17792962,0.11183972962445184,27
2020,77,70250572,0.4415681311769838,20
2020,78,27300911,0.17160304758371445,25
2020,79,75269801,0.4731170781304594,17
2020,81,5036721,0.031658894951486924,30
2020,82,135039486,0.8488063765248839,12
2020,83,28715655,0.18049558534374652,23
2020,84,5774951832,36.29913060484886,2
2020,85,115877646,0.728362405211563,14
2020,87,350020428,2.2000940613797138,3
2020,88,2411863,0.01516004506788804,32
2020,89,316418713,1.9888865783019727,4
2021,51,325452819,1.5866408947799875,7
2021,52,45562224,0.2221240180916246,23
2021,53,55595294,0.271037034765142,21
2021,54,198483858,0.967644425462801,11
2021,55,98531606,0.48035926063970946,16
2021,56,2355376,0.011482880669665695,33
2021,57,329231,0.0016050602051454657,34
2021,58,329783674,1.6077545900722148,6
2021,59,142166872,0.6930890126908132,14
2021,61,171904326,0.8380644372946442,13
2021,62,40327177,0.19660222454312473,24
2021,63,8704101,0.042434054316473395,29
2021,64,85651082,0.4175643947436636,18
2021,65,8676771336,42.300817300194865,1
2021,66,350642865,1.7094468893563906,5
2021,67,247589955,1.2070454603735876,9
2021,69,222248792,1.083502743304403,10
2021,71,39807866,0.19407049022832967,25
2021,72,79511484,0.3876327527494689,19
2021,73,3289605,0.016037414691045346,32
2021,74,88361558,0.43077845163563866,17
2021,75,9987412,0.048690425730238907,28
2021,76,13624131,0.06642008346051465,27
2021,77,74175685,0.3616197751211321,20
2021,78,46107713,0.22478337485403332,22
2021,79,253526006,1.235984774216494,8
2021,81,3375111,0.0164542717850042,31
2021,82,186466817,0.909059194142842,12
2021,83,28584309,0.13935363579821275,26
2021,84,7757739295,37.82037118101801,2
2021,85,130363317,0.635544563930685,15
2021,87,394829185,1.9248631285435363,4
2021,88,5341850,0.02604247733918223,30
2021,89,394873531,1.9250793232513779,3
2022,51,399922993,1.899558474529457,5
2022,52,72317396,0.343493934662823,21
2022,53,42864735,0.20359937301156728,23
2022,54,249873484,1.186851724957961,9
2022,55,107515529,0.5106784001675732,16
2022,56,3246133,0.01541851695833785,33
2022,57,5150028,0.02446165762583195,30
2022,58,341932040,1.62411243080276,6
2022,59,187699828,0.8915386341518039,11
2022,61,182830411,0.8684098256304899,13
2022,62,57913436,0.2750778526577974,22
2022,63,10703571,0.05083993507914592,27
2022,64,119975178,0.5698593731595724,15
2022,65,8461192021,40.18905961756385,1
2022,66,253577450,1.2044448619563857,8
2022,67,264489443,1.2562747620620696,7
2022,69,184552583,0.8765898164648687,12
2022,71,73286587,0.34809740835578895,20
2022,72,75742920,0.35976452489593835,19
2022,73,3499880,0.016623767150682818,32
2022,74,95915977,0.45558272503007213,17
2022,75,9289959,0.04412554580596769,29
2022,76,9313139,0.04423564641586084,28
2022,77,81175643,0.3855689302315953,18
2022,78,36651314,0.1740868000338758,24
2022,79,31852525,0.15129346113618272,26
2022,81,3116565,0.014803093497482142,34
2022,82,193175407,0.9175465973708767,10
2022,83,33213901,0.15775973930244214,25
2022,84,8378750264,39.797476885624135,2
2022,85,164817884,0.782853733809231,14
2022,87,413279086,1.9629973867421224,4
2022,88,4554354,0.02163231894172969,31
2022,89,500079359,2.375282244213722,3
2023,51,344509729,1.7523004649133997,5
2023,52,87914663,0.4471656150169415,18
2023,53,43744471,0.22250012240058026,24
2023,54,251496341,1.2792008996016448,8
2023,55,94904260,0.48271722079657775,16
2023,56,3125331,0.01589655821971942,33
2023,57,2007700,0.010211884737242449,34
2023,58,334792970,1.7028775317423268,6
2023,59,169124656,0.8602288655166508,12
2023,61,139691066,0.7105190341258792,14
2023,62,83382829,0.42411507636260254,22
2023,63,13307299,0.06768571178563616,28
2023,64,84403449,0.42930631698646293,21
2023,65,7897444215,40.1692434339703,1
2023,66,313052602,1.5922981961039175,7
2023,67,226184482,1.1504556754180852,9
2023,69,194969212,0.9916835783508431,11
2023,71,89411704,0.45478010430265464,17
2023,72,85852441,0.43667641176615424,20
2023,73,3868184,0.01967497591793866,31
2023,74,106256648,0.5404595516968389,15
2023,75,15696537,0.0798382360999459,27
2023,76,7842024,0.03988735627568311,29
2023,77,86056837,0.43771604338081455,19
2023,78,47698755,0.24261303390445138,23
2023,79,32494761,0.1652800487603931,25
2023,81,4346626,0.02210850411311511,30
2023,82,210360534,1.0699693811190771,10
2023,83,28226261,0.14356892159950282,26
2023,84,7571938518,38.51360431503831,2
2023,85,153911807,0.7828508406558278,13
2023,87,436249467,2.2189217879600807,4
2023,88,3608506,0.018354160156222443,32
2023,89,492550704,2.505290141204176,3
2024,51,257931582,1.2420458567178416,8
2024,52,80955622,0.389834366553514,21
2024,53,37923533,0.18261729203348326,24
2024,54,346423281,1.668169510303126,7
2024,55,92597165,0.44589314825382004,19
2024,56,8457604,0.040726815710222894,31
2024,57,11954649,0.05756651490225841,29
2024,58,477758695,2.300603140702921,3
2024,59,148669872,0.7159061217108801,12
2024,61,131429740,0.6328878485942957,13
2024,62,104325699,0.502370827129431,16
2024,63,19615141,0.09445491094605957,27
2024,64,100677804,0.4848047236094219,17
2024,65,7935078771,38.21064343431295,2
2024,66,366950667,1.7670172533086639,6
2024,67,130556136,0.6286810887233307,14
2024,69,203488760,0.9798814448656825,10
2024,71,70639447,0.3401577727972434,22
2024,72,107468356,0.5175040034379271,15
2024,73,4688159,0.022575399322695037,32
2024,74,91505473,0.4406362056378824,20
2024,75,12561997,0.06049114344575282,28
2024,76,9285330,0.044712654283483116,30
2024,77,99698368,0.4800883394571303,18
2024,78,55612198,0.2677954346392224,23
2024,79,37080325,0.17855690131036764,25
2024,81,3707859,0.01785485465771291,34
2024,82,235828060,1.1356083754831021,9
2024,83,34841322,0.16777518788944654,26
2024,84,8496647050,40.91482393360567,1
2024,85,163505102,0.7873438100004678,11
2024,87,433690091,2.0883948233455714,5
2024,88,4298070,0.0206969615507699,33
2024,89,450819496,2.1708799007576576,4
