year,pakistan_manufactured_exports_current_usd,world_manufactured_exports_current_usd,pakistan_world_manufacturing_export_share_pct,pakistan_world_manufacturing_share_index_2000_100
2000,7344913858,4399684341456,0.16694183691299377,100.0
2001,7499899486,4230908171976,0.17726453000508524,106.18340691762688
2002,8193126824,4482287737018,0.18278895297897066,109.49259715779695
2003,9515344678,5173905013028,0.18391030863613006,110.16430155370811
2004,10112567640,6173938145709,0.16379444369763277,98.11467677991266
2005,11924342857,6743864090626,0.1768176626449944,105.91572844448073
2006,12643320150,7689578781267,0.1644214918611807,98.49028553991135
2007,13638696214,8985466358179,0.1517861808206027,90.92159498622873
2008,14641484033,9789646300873,0.14956090938335875,89.58863287296069
2009,13368280659,7749219868800,0.17251130933609884,103.33617535669488
2010,15511210929,9235221313858,0.1679571111709527,100.60816046877935
2011,17524778360,10699654935456,0.1637882573383487,98.1109710825282
2012,18638362901,10681834975555,0.1744865273022213,104.51935268518679
2013,18172868753,10984736031856,0.16543746431683237,99.09886423680275
2014,17238455946,11327445797787,0.1521830804025371,91.15934220961725
2015,15441180025,10503048034490,0.14701618020115798,88.06431205005813
2016,15125892818,10339341641818,0.1462945450687358,87.63204465336099
2017,15866725740,11178543555687,0.14193911452738334,85.02309376250527
2018,17175879059,12099317325588,0.14195742285951898,85.03406065521126
2019,17147456138,11886567075918,0.14425911222711627,86.41279795088201
2020,15909339248,11323433682439,0.1404992486746584,84.16059824948695
2021,20512065463,13829189343932,0.14832442417892214,88.84796460950972
2022,21053471023,14521303969491,0.14498333667026714,86.84661637323968
2023,19660425589,14354674320277,0.13696183661393313,82.04164944304193
2024,20766671424,14501190998227,0.14320666093246445,85.78236802743488
